Aug_Tmax,Aug_RH,Sep_RH,Oct_SRAD,Nov_SRAD,Dec_SRAD,Dec_RH,Dec_Rain,Yield_Class
34.44,67.95,70.13,19.05,16.41,15.15,81.81,199.18,Low
32.3,75.1,77.65,17.01,11.82,15.38,82.41,118.7,Medium
36.88,68.63,70.61,17.59,17.31,17.04,88.56,87.37,Medium
36.78,70.65,74.12,16.55,14.75,14.56,88.65,188.68,Medium
31.31,79.22,80.71,18.74,14.03,14.93,76.47,48.34,Low
36.25,72.99,73.69,17.67,12.46,11.23,92.56,504.355,Medium
34.34,79.94,78.64,18.02,17.14,15.33,87.58,85.09,Medium
30.34,82.41,82.23,19.75,16.39,16.83,80.7,115.88,Medium
31.96,76.17,78.22,16.73,14.16,14.78,84.89,124.85,Low
34.3,70.75,71.13,17.76,15.14,15.33,80.23,108.86,Medium
31.67,77.93,80.56,18.59,15.66,14.87,75.76,62.68,Low
31.36,77.69,78.95,17.77,14.83,15.24,79.12,62.36,Low
35.48,75.62,73.39,17.7,17.04,14.08,88.33,324.1,Medium
33.48,71.2,74.93,19.68,16.56,15.57,80.24,94.11,Low
34.64,73.18,74.28,17.67,12.46,11.23,90.79,504.355,Medium
32.82,75.86,75.24,19.5,15.31,14.37,81.91,150.28,Medium
32.0,79.35,79.67,19.01,13.52,13.46,89.38,456.97,Medium
30.86,82.24,82.32,19.72,15.9,14.89,82.28,116.78,Medium
31.92,76.74,77.42,18.79,15.72,16.35,72.48750000000003,10.41,Low
37.65,70.53,76.21,17.96,15.42,14.23,84.97,115.01,Medium
36.42,67.41,72.82,18.18,14.2,13.8,85.89,480.23,High
33.84,68.85,64.67,16.73,17.54,14.67,88.19,126.81,Medium
31.65,77.71,78.84,17.56,17.3,14.55,80.37,267.93,Medium
31.43,76.73,77.85,17.65,12.44,12.41,86.05,290.38,Low
33.88,69.95,67.43,20.89,12.87,16.93,80.56,49.72,Medium
31.75,76.84,76.13,14.4675,12.95,11.5,85.22,408.9,Low
32.25,78.74,79.89,18.74,14.03,14.93,77.17,54.72,Low
32.82,76.94,77.03,18.79,15.72,16.35,72.48750000000003,6.83,Medium
35.54,69.71,70.03,18.73,16.67,14.35,86.14,137.27,High
36.06,66.84,70.36,17.81,14.36,14.3,89.88,125.93,Medium
36.59,72.79,72.94,17.25,17.23,13.73,81.88,74.73,Medium
33.81,72.53,72.49,20.72,17.42,12.09,82.99,215.2,Low
36.07,71.51,77.59,17.96,15.42,14.23,81.49,83.06,Medium
34.76,70.14,76.17,18.79,15.43,12.2,79.52,254.38,Low
29.45,83.04,84.31,17.71,18.73,14.61,84.01,238.95,Medium
34.04,68.73,71.47,17.69,17.06,14.47,83.31,92.77,Medium
32.18,77.11,79.66,15.28,13.93,13.79,77.4,219.79,Low
31.01,80.74,81.72,18.77,16.58,16.65,83.49,63.34,Low
30.19,79.51,78.37,17.97,17.77,15.02,83.59,172.98,Medium
31.69,76.8,79.86,16.66,14.18,14.02,77.19,76.01,Low
37.51,66.35,69.11,18.23,16.27,13.31,88.42,504.355,Medium
31.21,82.52,81.61,19.61,18.21,14.59,85.94,259.03,Medium
32.12,79.87,71.73,18.83,16.1,14.63,86.58,166.77,Low
33.87,69.17,68.84,18.73,16.67,14.35,83.37,130.03,Low
32.54,75.51,75.79,16.74,13.11,14.73,75.38,25.34,Medium
36.42,70.12,74.12,18.12,16.75,13.57,87.3,173.52,Medium
32.31,77.07,78.48,19.62,13.41,16.71,84.61,101.22,Medium
30.35,79.87,80.5,20.2,16.08,16.7,80.35,89.2,Low
32.42,79.22,77.93,18.4,16.14,14.89,82.43,119.59,Medium
29.55,82.9,83.12,18.94,16.71,14.82,85.75,496.24,High
31.4,77.03,78.85,16.85,13.58,13.3,82.37,131.27,Low
35.29,73.67,69.19,19.24,12.72,16.6,84.16,51.66,Medium
31.59,78.28,78.11,21.32,16.17,15.08,85.37,279.77,High
35.81,71.08,70.08,16.9,15.49,15.08,83.39,71.24,Medium
31.57,77.99,79.71,20.54,15.37,12.97,86.56,336.81,Medium
32.42,76.08,78.18,19.62,13.41,16.71,83.36,92.34,Medium
34.07,75.75,75.16,19.09,14.66,14.22,85.36,144.56,Medium
33.9,68.92,74.07,17.26,13.79,13.72,78.61,43.6,Medium
36.77,69.3,75.08,17.39,13.25,14.03,86.85,275.27,Medium
35.07,66.0,73.6,18.18,14.2,13.8,81.36,489.79,Low
30.16,82.75,82.66,20.89,14.36,17.87,80.77,35.33,Medium
34.61,75.25,71.04,17.23,15.1,14.59,88.69,183.41,High
33.49,74.35,69.96,19.62,15.16,14.95,80.2,187.58,Medium
36.64,64.43,74.43,17.25,15.81,15.31,91.73,133.64,Medium
31.59,76.13,79.28,16.55,15.96,14.18,80.6,90.58,Low
31.07,77.46,79.18,18.77,14.08,11.56,84.11,352.31,Low
32.99,75.57,71.41,18.64,16.41,17.5,89.16,124.07,Medium
35.47,75.79,72.98,17.67,15.98,13.9,86.48,204.52,Medium
30.88,79.81,80.13,17.5,16.68,13.15,81.41,413.9,Low
31.5,78.41,77.22,16.04,13.12,12.08,88.43,389.69,Medium
33.3,69.48,68.74,17.1,16.81,13.83,81.46,137.74,Medium
33.95,73.04,74.99,20.78,15.41,14.94,80.6,97.87,Low
32.78,74.73,70.58,17.93,15.35,13.46,81.32,187.39,Low
28.89,84.68,83.54,19.31,16.08,14.73,82.45,193.23,High
31.46,79.37,78.18,16.04,13.12,12.08,89.41,288.86,Low
34.42,74.92,71.54,17.23,15.1,14.59,85.98,209.86,Medium
30.05,80.21,80.85,17.59,17.31,17.04,81.38,82.01,Medium
30.7,76.92,77.54,16.07,15.33,12.7,83.02,141.56,Low
30.62,80.54,79.31,18.89,17.2,16.93,82.06,144.15,Medium
34.2,75.64,74.75,18.39,18.32,15.38,82.72,376.65,Medium
34.72,74.61,73.99,19.73,14.83,12.88,87.4,324.36,High
29.34,82.64,81.26,16.81,14.7,13.75,87.25,234.46,Medium
34.87,69.47,71.4,18.32,16.33,14.15,83.6,504.355,Medium
38.03,64.07,64.45,16.88,15.19,14.09,72.48750000000003,26.73,Medium
33.33,78.44,78.7,18.02,17.14,15.33,84.88,97.89,Low
35.02,66.99,69.86,18.96,15.33,15.74,83.17,130.08,Medium
35.56,72.18,75.11,17.45,14.52,12.97,85.11,223.55,High
35.54,64.73,66.61,16.81,14.7,13.75,92.53,210.82,Medium
32.13,72.28,71.84,18.66,16.61,15.23,82.81,76.8,Low
34.89,73.05,71.37,19.44,18.57,15.83,89.52,280.97,Medium
34.53,69.18,72.27,18.23,16.27,13.31,83.94,504.355,Medium
29.82,83.55,83.01,20.31,14.24,14.67,85.33,238.32,High
32.02,77.11,78.96,18.77,14.08,11.56,84.62,458.61,Low
37.27,69.4,71.03,17.19,16.69,15.07,83.56,106.44,Medium
31.39,79.62,78.86,19.61,18.21,14.59,83.72,380.59,Low
34.23,63.16,66.53,18.18,17.77,16.85,90.36,88.76,Medium
33.69,76.21,73.71,18.63,16.4,14.55,81.59,276.73,Medium
34.76,65.63,67.23,16.88,15.19,14.09,73.23,26.62,Low
31.86,77.72,78.87,17.77,14.83,15.24,79.15,68.96,Low
29.48,81.48,82.92,16.45,14.8,16.42,80.12,29.72,Medium
33.61,71.45,73.75,19.8,14.15,12.33,83.52,138.39,Medium
31.11,83.33,82.45,20.54,15.37,12.97,87.85,304.11,Medium
33.78,70.27,71.91,18.55,13.67,11.23,87.59,504.355,Medium
30.71,79.82,79.41,17.56,17.3,14.55,80.72,233.27,Low
28.91,85.21,85.14,20.41,16.28,14.59,84.65,483.26,High
31.85,76.21,77.16,16.85,13.58,13.3,82.84,160.59,Low
34.15,71.57,74.67,18.07,18.03,12.91,81.5,300.44,Medium
35.51,69.6,72.49,16.35,14.17,15.21,76.5,18.04,Medium
33.46,74.7,75.09,20.45,18.55,13.73,89.94,165.85,Medium
33.71,73.36,74.46,17.91,15.63,15.51,85.99,177.29,Low
33.59,69.11,67.29,18.43,17.55,13.26,81.68,151.88,Low
34.66,71.31,67.42,19.0,16.45,12.96,83.12,395.93,Medium
34.6,73.28,77.11,16.17,14.2,13.7,80.54,292.86,Low
31.6,77.92,78.79,18.0,17.44,16.08,81.3,104.85,Low
34.15,73.4,72.53,19.09,18.76,15.01,82.25,251.44,Low
32.11,76.76,78.06,19.01,13.52,13.46,88.39,352.06,High
34.73,75.86,74.33,17.7,17.04,14.08,85.87,378.64,Medium
31.77,80.62,79.72,21.3,17.32,15.18,81.91,81.06,Medium
31.67,82.19,78.77,18.93,16.66,15.84,82.4,95.35,Medium
34.71,73.29,75.58,19.75,16.39,16.83,83.83,97.13,Low
35.28,73.06,70.69,19.05,16.41,15.15,84.81,236.69,Medium
32.54,76.54,77.8,20.41,16.28,14.59,91.66,504.355,Medium
31.61,74.9,75.62,16.03,15.22,13.75,80.03,100.53,Low
36.01,67.62,71.64,17.81,15.89,14.69,73.48,31.6,High
34.1,76.49,78.26,19.06,14.8,11.23,86.07,504.355,Low
35.68,70.95,69.8,18.43,17.55,13.26,81.59,106.58,Medium
31.89,76.18,77.12,17.65,12.44,12.41,86.27,429.7,Medium
32.23,76.81,72.0,18.83,16.1,14.63,84.17,128.5,Medium
30.79,77.93,77.48,16.74,13.11,14.73,75.09,23.66,Low
37.9,67.13,67.89,17.41,15.09,16.13,72.48750000000003,14.48,Medium
34.3,75.98,73.85,17.67,15.98,13.9,84.88,238.21,Medium
33.16,72.4,73.93,18.7,15.19,15.12,83.71,152.0,Medium
35.29,72.12,73.76,18.07,18.03,12.91,83.85,298.09,High
33.84,72.66,72.01,17.71,15.15,15.56,79.28,77.01,Low
35.26,68.88,63.21,20.89,14.36,17.87,86.73,34.43,Medium
33.87,69.17,68.84,18.73,16.67,14.35,83.37,130.03,Medium
34.36,72.05,76.03,18.66,14.44,14.64,80.78,403.66,Medium
36.2,74.18,73.33,19.73,14.83,12.88,89.42,290.01,High
31.92,78.87,78.78,17.5,16.68,13.15,81.45,408.74,Low
35.43,74.38,73.27,19.09,18.76,15.01,86.09,284.3,Medium
31.0,78.88,78.01,14.4675,12.95,11.5,85.82,378.3,Low
33.36,76.15,75.31,20.18,17.38,13.08,80.78,170.07,Medium
31.34,80.41,80.53,20.2,16.08,16.7,81.32,117.48,Medium
35.46,69.69,73.24,16.05,15.8,14.2,87.37,102.83,Low
31.57,75.46,77.51,16.71,15.47,15.34,84.67,93.2,Medium
35.25,75.96,79.59,20.04,15.51,12.05,90.04,504.355,Medium
34.0,72.76,73.35,19.8,14.15,12.33,85.52,150.33,High
35.36,73.73,74.83,17.25,17.23,13.73,80.92,67.15,Medium
33.3,69.48,68.74,17.1,16.81,13.83,81.46,137.74,Low
30.94,78.9,76.97,18.75,17.54,17.03,79.08,67.37,Low
34.73,69.86,67.58,17.1,16.81,13.83,84.48,108.12,Medium
36.47,71.92,74.84,17.02,17.61,13.72,87.29,229.47,Medium
33.82,70.87,73.06,17.45,14.52,12.97,81.1,176.75,Low
34.58,68.55,70.15,16.66,13.37,11.39,87.55,259.33,Low
35.29,69.71,69.06,17.76,15.14,15.33,83.92,98.81,Medium
36.08,75.73,77.25,19.38,15.25,15.8,77.34,65.85,Medium
32.61,75.86,79.95,17.88,15.4,15.67,75.53,70.18,Medium
33.68,73.54,70.28,18.89,15.82,14.89,80.04,162.12,High
31.73,76.87,75.48,17.12,15.27,13.83,80.23,235.98,Low
34.44,71.95,72.27,17.42,16.33,14.8,82.7,129.71,Low
33.91,70.43,69.14,16.16,15.69,14.27,80.83,84.02,Low
35.29,71.65,74.05,16.55,14.75,14.56,86.87,168.43,Low
30.54,77.82,78.11,19.08,15.68,16.59,85.83,102.62,Low
31.71,80.48,82.12,19.87,15.36,15.62,76.9,54.98,Low
33.48,71.2,74.93,19.68,16.56,15.57,80.24,94.11,Medium
34.95,72.17,75.61,17.04,15.26,14.76,75.27,34.28,Medium
33.04,75.86,73.95,18.55,16.03,14.42,82.18,254.23,Medium
31.09,76.75,75.93,17.12,15.27,13.83,80.3,215.04,Low
33.61,71.45,73.75,19.8,14.15,12.33,83.52,138.39,Low
30.49,78.61,75.95,19.18,14.3,15.19,78.95,137.36,Low
29.32,82.69,83.56,19.38,18.37,17.11,82.24,65.98,Medium
31.07,78.19,79.26,18.62,16.57,15.75,82.49,87.11,Medium
34.68,70.73,72.93,16.82,16.37,13.44,84.58,129.88,Low
32.68,78.42,80.77,16.73,14.16,14.78,86.48,126.67,Low
36.39,70.36,67.88,20.89,12.87,16.93,84.04,58.49,High
30.38,79.43,78.66,16.13,15.3,15.74,73.72,24.33,Medium
36.47,70.07,62.38,18.04,15.51,13.48,88.62,254.09,Medium
31.17,79.99,78.66,16.99,14.96,13.87,80.14,218.61,Medium
29.48,81.41,82.3,18.95,18.2,16.86,83.61,137.66,Medium
34.58,73.53,67.92,17.95,14.57,14.68,83.67,183.31,Medium
37.05,68.52,69.86,17.69,17.06,14.47,87.35,104.53,Medium
34.29,73.87,76.5,19.57,16.33,13.32,82.39,120.33,Medium
35.33,72.86,75.69,17.02,17.61,13.72,84.79,238.37,Medium
31.94,73.44,75.0,16.43,16.34,14.97,82.63,115.84,Medium
34.78,72.25,71.6,15.21,13.48,11.58,90.24,429.35,Low
33.81,72.53,72.49,20.72,17.42,12.09,82.99,215.2,Medium
31.43,76.57,79.59,17.01,11.82,15.38,81.99,108.91,Low
32.07,77.21,77.6,20.31,15.64,12.88,82.99,345.05,High
35.49,69.61,69.94,16.66,13.37,11.39,90.54,333.85,Low
29.65,83.01,83.25,19.25,15.19,13.51,86.73,504.355,High
36.2,68.93,76.96,18.37,16.44,12.59,91.26,228.67,Medium
34.46,73.26,72.82,19.12,15.65,13.77,86.85,295.38,High
30.92,80.91,83.94,17.25,15.81,15.31,85.16,142.6,Medium
34.3,73.75,75.33,18.42,18.4,14.12,81.18,267.1,Medium
29.42,79.78,79.8,18.18,17.77,16.85,84.28,98.66,Medium
31.52,80.23,80.45,18.61,18.6,15.3,85.4,200.11,Medium
34.01,72.28,74.98,20.04,15.51,12.05,84.64,504.355,Medium
31.9,77.9,78.03,17.1,15.13,16.63,75.33,19.86,Medium
33.95,73.04,74.99,20.78,15.41,14.94,80.6,97.87,Medium
31.37,78.08,79.79,18.77,16.58,16.65,81.94,60.8,Medium
34.58,71.21,73.91,17.91,15.63,15.51,88.07,151.17,Medium
31.24,80.2,78.3,18.93,16.66,15.84,83.06,209.43,Medium
30.18,83.52,83.53,18.37,16.44,12.59,84.85,330.26,High
34.75,71.97,75.85,18.94,16.71,14.82,92.35,473.33,Medium
35.38,71.43,77.3,17.39,13.25,14.03,84.41,274.53,Medium
34.54,69.99,72.63,16.77,13.4,14.34,76.64,31.79,Low
30.97,79.68,77.78,18.75,12.36,16.48,78.26,25.61,Low
31.5,78.68,76.72,16.99,14.96,13.87,80.22,250.66,Low
33.13,76.24,76.0,19.09,14.66,14.22,82.59,122.74,Low
35.18,71.64,75.43,19.14,16.25,14.21,78.28,160.98,Medium
37.76,68.88,69.51,17.89,13.25,14.83,87.86,98.59,Medium
35.3,66.74,67.05,18.95,18.2,16.86,90.41,103.4,Medium
34.99,74.75,78.06,18.33,14.42,11.23,89.59,450.15,Medium
36.7,59.71,61.94625,16.13,15.3,15.74,72.48750000000003,18.42,Medium
33.79,72.18,74.77,17.04,14.51,14.8,75.79,27.41,Low
34.72,71.07,70.39,20.31,14.24,14.67,92.37,289.11,Medium
35.65,63.58,66.87,18.45,16.38,17.74,88.5,139.84,Medium
32.06,75.83,80.06,17.36,13.25,14.52,79.11,246.49,Medium
29.9,79.91,80.75,18.39,15.0,14.83,78.62,81.51,Low
33.45,77.0,76.73,18.66,16.61,15.23,85.72,95.29,Medium
34.45,73.35,75.33,17.75,15.33,14.09,84.03,195.92,Low
35.51,62.72,65.36,16.98,16.65,16.39,75.6,22.45,Medium
35.5,74.29,75.34,19.57,16.33,13.32,84.76,117.72,Medium
34.76,65.63,67.23,16.88,15.19,14.09,73.23,26.62,Medium
30.67,83.33,80.24,18.62,16.57,15.75,84.33,53.05,Low
34.27,69.38,77.22,18.12,16.75,13.57,83.37,149.69,Medium
31.41,77.06,74.91,16.43,16.34,14.97,83.51,94.68,Low
28.33,86.91,84.67,20.45,18.55,13.73,84.67,163.81,High
31.63,77.26,73.59,19.18,14.3,15.19,78.54,170.66,Low
35.62,75.57,78.75,18.33,14.42,11.23,91.71,429.14,Medium
34.57,74.25,78.12,19.68,16.56,15.57,83.59,94.17,Medium
30.98,79.42,82.29,18.69,15.05,15.28,84.15,360.63,Medium
30.59,79.23,82.35,16.98,16.65,16.39,76.34,26.25,Medium
28.73,84.14,82.1,18.64,16.41,17.5,81.86,135.1,High
32.13,72.28,71.84,18.66,16.61,15.23,82.81,76.8,Medium
35.1,71.2,72.06,19.17,13.68,15.83,83.78,112.04,Medium
33.1,71.1,75.4,19.38,18.37,17.11,87.95,78.28,Medium
31.2,76.58,80.71,17.36,13.25,14.52,79.42,188.52,Low
34.48,75.55,76.18,19.54,13.74,15.1,77.63,68.14,Low
30.89,78.19,80.89,17.88,15.4,15.67,75.3,55.11,Low
32.36,73.36,73.22,16.03,15.22,13.75,79.88,100.19,Low
32.19,79.04,77.19,18.03,17.21,14.57,82.73,84.46,Low
34.04,68.73,71.47,17.69,17.06,14.47,83.31,92.77,Low
37.19,68.95,72.25,16.05,15.8,14.2,89.06,105.17,Medium
34.62,70.83,69.46,20.34,14.41,12.02,84.4,319.91,High
34.27,69.38,77.22,18.12,16.75,13.57,83.37,149.69,Low
33.29,67.45,68.98,18.62,16.16,14.7,83.71,104.69,Medium
31.52,77.7,75.73,17.2,14.7,15.4,77.37,72.58,Low
31.82,77.84,80.66,19.33,16.94,16.21,79.11,58.8,Medium
31.12,79.71,76.99,19.58,15.39,15.99,84.96,108.26,Medium
35.97,61.61,73.61,18.69,15.05,15.28,91.11,333.74,Medium
35.56,69.59,69.92,16.52,14.67,14.32,72.48750000000003,21.78,Low
32.73,73.11,72.5,19.12,15.65,13.77,82.38,313.56,High
32.26,77.98,77.75,16.71,15.47,15.34,85.24,112.7,Low
33.88,69.95,67.43,20.89,12.87,16.93,80.56,49.72,Low
33.59,69.11,67.29,18.43,17.55,13.26,81.68,151.88,Medium
36.17,70.6,74.0,17.04,15.26,14.76,73.69,25.33,Medium
31.93,77.23,78.63,18.03,17.21,14.57,80.45,53.44,Medium
36.22,70.47,70.03,15.21,13.48,11.58,92.26,407.98,Medium
33.44,75.97,78.05,18.62,15.67,15.45,79.93,90.25,Low
31.91,80.46,79.72,21.32,16.17,15.08,86.33,183.64,Medium
36.62,72.78,76.45,16.39,14.57,14.32,86.22,239.72,Medium
30.51,77.47,77.97,19.08,15.68,16.59,84.18,185.87,Medium
31.36,75.72,76.19,16.86,16.63,14.1,82.15,299.09,Low
31.65,76.07,79.11,19.75,16.68,14.01,77.65,147.83,Low
31.55,79.18,76.11,18.75,12.36,16.48,78.43,44.49,Medium
31.23,77.8,78.46,20.31,15.64,12.88,82.99,296.37,Low
31.35,78.72,78.64,18.61,18.6,15.3,83.19,191.24,Medium
31.31,79.97,77.25,18.75,17.54,17.03,80.67,58.5,Medium
36.04,68.95,69.75,17.41,15.09,16.13,72.48750000000003,13.46,Low
34.76,70.14,76.17,18.79,15.43,12.2,79.52,254.38,High
31.13,78.06,81.23,16.66,14.18,14.02,76.94,134.0,Low
32.3,75.05,75.59,16.88,14.5,14.97,72.48750000000003,12.81,Low
35.11,76.78,78.13,19.38,15.25,15.8,76.99,60.83,Low
33.68,73.54,70.28,18.89,15.82,14.89,80.04,162.12,Medium
31.88,76.19,77.08,17.03,15.86,13.06,79.76,66.24,Low
31.11,78.79,78.95,18.39,15.0,14.83,79.22,104.68,Low
34.94,67.51,68.75,17.52,17.01,17.87,87.94,92.26,Medium
31.39,77.63,74.33,19.1,15.76,16.57,81.7,145.04,Medium
33.82,70.87,73.06,17.45,14.52,12.97,81.1,176.75,Medium
30.69,78.37,80.51,15.28,13.93,13.79,77.33,169.36,Low
36.11,68.32,63.01,19.23,16.3,12.21,87.13,388.93,Medium
30.31,77.51,77.73,18.21,14.56,15.13,81.91,179.7,Low
30.1,82.66,78.45,19.34,16.54,14.01,85.53,313.91,Medium
34.53,69.18,72.27,18.23,16.27,13.31,83.94,504.355,Low
34.2,68.16,70.46,17.81,15.89,14.69,77.85,29.12,Medium
32.73,73.11,72.5,19.12,15.65,13.77,82.38,313.56,Medium
31.21,77.42,78.19,16.88,14.5,14.97,72.48750000000003,11.56,Low
33.49,73.81,73.34,18.34,16.52,13.59,80.18,73.74,Medium
36.19,70.64,71.91,17.89,13.25,14.83,86.26,101.38,Medium
35.68,65.31,72.51,16.45,14.8,16.42,81.94,25.71,Low
31.08,80.17,77.21,19.1,15.76,16.57,83.82,106.47,Medium
31.67,78.9,76.68,20.0,14.89,17.87,80.58,29.3,Medium
34.15,73.4,72.53,19.09,18.76,15.01,82.25,251.44,Medium
32.74,76.52,78.87,21.3,17.32,15.18,80.32,138.91,High
33.97,69.89,69.77,19.72,15.9,14.89,86.27,119.58,Medium
34.19,75.77,78.35,17.68,15.76,16.63,83.46,70.7,Low
29.976382152826925,83.31961418214713,83.3974867978715,18.55422567125183,16.527264791645607,13.310742538406284,85.14088263881868,383.90522265680494,High
33.16221250920259,74.91686630080349,77.83901381521669,18.6948940347346,14.676397284474067,13.660449280305576,86.29421587773558,491.8391762504413,High
31.785600289286663,76.01744439241621,75.65393865653321,19.066543412601135,15.964799903571112,14.081830093160063,83.38082610852325,367.8124965890289,High
30.95176943315471,80.65557083907613,79.34646262116713,19.824557083907614,17.866376347526927,13.955450353475163,85.20453551549757,154.15927035285355,High
36.3225591777031,70.4277230014697,68.03435200751635,20.859242470165846,12.90611893411717,16.800197580516418,84.08176251757298,61.08153352290698,High
34.75436709424132,70.33189432284581,75.97735462305303,18.73141778010969,15.417607607330897,12.289750965088354,79.86435830538083,251.71488452204164,High
30.02137715363002,83.36389497658827,83.4267692587116,18.51351590862046,16.50798121987285,13.151474519690563,85.07660406624282,372.05082546109395,High
33.73941446696154,71.63317193749961,74.32490201662506,18.95590799305551,15.540605328703675,12.989319845748954,80.95786927314778,284.13283342128864,High
33.90371894085863,72.99468508165708,72.42630358886251,19.52620073806674,14.652466777394006,13.10024847313093,83.8711868622041,153.87735527273972,High
33.246391241778944,76.34693330203628,76.38373108900821,20.144792513261066,15.409279199554252,12.88,84.82152437884712,329.3723791894642,High
34.62368869473545,70.96943266100013,69.62709787151603,20.317498962113735,14.425492517888904,12.051722774724897,84.5106608420636,320.0741469157277,High
33.02752381514724,75.39347516892964,76.01411711005466,19.052947923262213,14.35162796862282,13.581035056466233,87.78872907432904,329.93010644998054,High
29.913580117688703,83.26363369815328,83.38924987349591,18.812357540441397,15.811651220963924,13.052464701370553,85.79503656367027,417.77390454902866,High
32.788390026174994,76.36659332127503,78.42779752676259,21.175936209487528,17.242781873125015,15.165071162137503,80.30558594965,140.10482181651224,High
32.80940262523389,75.1076264670769,75.66364040756514,19.380599797434694,13.767995353170583,13.05874909149928,87.27820060769592,343.10151617479295,High
30.180213363409088,81.47903857362347,82.17513862545654,18.870282073334657,16.479747373776302,14.726431203685987,85.76284277596467,494.7713368343261,High
33.0593906084546,76.48412747127907,76.57707072685203,20.171054103413155,15.445954868559753,12.88,84.53038295698863,331.86451353768985,High
35.65273271813839,72.46978974418245,74.85208712767762,17.78036030836799,14.56491741034828,12.95695946151179,85.73449689871318,233.1797131991827,High
34.61316417191673,71.667092612066,74.53033325307017,18.951519410891596,15.537679607261063,12.968440833635773,83.10768873283453,274.44756317138007,High
34.75784756811659,70.21332617949483,76.09638682958739,18.767614708412538,15.425264649856498,12.234295414675664,79.65158533580579,253.36161272822932,High
35.4460112173782,69.05296720734809,71.31080483074436,18.07141969323242,15.873056130994195,14.7384110543023,75.06788258111544,63.19305403768104,High
33.34638517087694,73.81162992855143,72.02131789921259,18.50033618459711,15.469674551073233,14.03884885112718,84.44882469586891,270.8884414948751,High
31.704422584642217,78.02493298840173,77.98842600381765,21.079235811482004,16.043658396124222,14.55556315372318,84.80265468448235,295.3314715113413,High
29.660934639015984,83.3088996480608,83.3482129182973,20.38623624560076,16.127911971844867,14.183639799772997,84.25552167697262,450.41611504481045,High
30.708584982105663,79.65013407906793,79.25714300648005,18.414419569347842,16.268672501278168,16.736287939599325,79.58245300136738,106.97039208132747,High
30.719550362047226,79.29940313067851,79.21414313052153,19.006200963889466,16.320149879317594,14.433827710644785,84.51057084273612,429.05337731484684,High
33.78561045107298,72.5741354014705,76.86494198017813,18.870892717269413,14.727704136433736,12.66329465345209,82.78144728263494,290.2963664676191,High
28.6847766380261,85.49722874500321,83.9541114268402,19.72777612973258,16.98518161442059,14.363529710760895,83.26356404211081,182.44844409058553,High
32.08856901263701,77.00109860783364,77.81354364532561,19.706507089297187,14.655842330238489,13.149250683236641,85.4968167059963,348.30421946463593,High
34.69769910844308,73.205283036054,74.51301668225376,18.121465168931014,17.88373057251186,13.324430044549734,83.67032335759173,283.37367037883195,High
33.52518434585389,74.03079856314407,71.69475156288844,19.286920985629937,16.067046256616145,14.937762276279122,80.08611530123501,158.29737092262621,High
32.9600671721751,74.63643596988712,77.45372567720342,18.93942838570622,14.132689924096015,13.055817118135613,85.5446808237007,320.72620325356087,High
33.26598219932759,75.71050966486463,78.16869040089655,20.581903734960562,16.797748170880407,14.767794092016322,81.2134236648153,154.69692672024365,High
34.61611627123322,75.04163902665516,71.24917647617595,17.29360922082543,15.113455796713072,14.492547411684114,88.31609195194281,186.3038117961416,High
32.575948006916335,76.0217290463991,76.16265040957603,20.698157273646128,15.34360374524025,13.954955593767664,85.43136605852176,226.815182566286,High
31.915230893684296,77.55500613282875,77.76444217546043,20.635659994539296,15.810890888223591,13.58935840394698,83.75739681881537,324.0014015410642,High
32.6734828059993,76.64639925643026,78.92357868743699,21.255876375051905,17.304905075675652,15.218483763112626,80.34554525654889,138.84680037178487,High
31.824195332016345,77.75793957238022,77.86116745973263,20.827213988882274,15.91140932089862,14.006604728258418,84.20878147875229,311.62056515422296,High
34.270512446479835,71.98910350356823,74.59123995082913,18.407948846522554,16.492478762026515,14.472564055809979,76.01448772446493,61.54500643891938,High
32.7177984009104,76.6805343004529,76.47472025878267,19.056131102273703,16.026116842165983,14.142568570070077,86.45969006945039,366.6505933183579,High
34.28281804687401,72.70910257888585,72.58272452063308,19.029910257888584,16.997808886529384,14.241892814016905,85.88368134936266,141.89768502579247,High
32.0976375095241,76.8990780178539,77.91783135952713,19.411780940466794,14.175211995222773,13.280743888099432,86.72106378575332,349.8934735440983,High
33.08070571921435,74.46665939643782,74.73407602181538,19.524358010579714,13.864194458207479,12.903101101327227,86.84692596826086,339.62645861643773,High
34.47898100337898,73.06259756485862,73.03195453773193,19.09912089628312,15.636080597522081,13.670666082316673,86.38623081744026,292.7859295382061,High
36.01731824136436,70.79731660238426,68.21005026595039,20.614958111708013,13.275686785230679,16.649457273942172,83.48991622341603,72.74129544184927,High
29.830765166056636,83.18394383903563,83.34549857829407,18.94986161107577,15.616332938812823,13.196218957033762,86.08879526002552,444.97705361390524,High
28.684610591503766,84.45432165383643,82.39162694958831,18.845387073445465,16.65283333545486,17.07220482492298,82.17886059468606,138.3578247948173,High
32.95085786882002,76.00716354047701,78.2042915855825,21.106462598975906,17.271050851881068,15.117495703171207,80.75828314161876,138.78649753397684,High
32.43014428767564,76.49627960976912,77.5607711682606,19.098315665565696,13.680685447070914,13.38885682496097,88.26856595984717,348.6623000886532,High
35.77351950976078,70.97905990651637,69.29094070360189,20.60884362579048,13.200165283475398,15.743468512510283,84.42175360901844,82.17935908935989,High
32.678508902855164,75.7194294180285,74.79145015818406,20.36380111677761,15.045829833916086,12.89384100169216,84.48500398849146,375.4516060803169,High
29.746872233893356,83.10321667789738,83.30117778394366,19.08915553617707,15.41847224974848,13.341844424185119,86.3863777363783,472.5342989440307,High
30.513644745486157,80.7506301843879,80.66329862146627,19.823165841145432,16.81476726144449,16.468065882910754,81.17500924986317,136.79468490780604,High
32.78130052669424,75.61428745873454,78.27540095706686,18.582534439550564,15.529422951673576,14.340243589923126,85.81584891903016,488.7097057594797,High
33.04473388653457,75.6106353862143,77.5349753542295,20.937221563649324,16.55332823784557,14.490720970933712,81.57763191268235,141.67195316208316,High
32.352998223973394,76.55982904921733,77.68107173502999,19.077033992820247,13.641964625825727,13.40600039467258,88.29782825987216,349.4810533317766,High
28.68888630318133,84.42471235046929,82.36415550205994,18.82603947810448,16.62995827797988,17.11250340748404,82.14882372015116,138.05093558916,High
30.324169753004252,81.45652169174795,82.21136033621353,19.143447321164764,15.091413876591696,13.538878763422634,86.6463511680172,501.95258562906537,High
33.762394803483225,75.39883186686248,75.48327706889779,19.465833049236753,14.349362909027981,13.092801154781505,87.76322955729947,334.5230896335305,High
30.596378221501524,81.24798771877933,81.33180253430893,19.869261271636688,13.995898550444936,14.259773952831072,86.36743116060903,276.8812484338792,High
31.264619011348167,79.53361970073395,79.5231413814896,19.00285772343028,16.33983785091058,14.453329946656707,86.13413053207393,426.0977648433009,High
31.885943490920333,75.82303877918463,75.44597645214493,19.15562576174687,15.52393961228031,13.698748476506262,83.57209279691446,365.8462862499527,High
30.04933003013977,83.69388366068014,83.69565248147636,18.579895069696743,16.423537641592414,12.795779480094845,84.8294220519905,346.0021302272557,High
32.37093482916307,74.2154239064445,73.69914217430446,19.09967555636772,15.769688390278976,13.888559254521626,82.76051875022655,334.18705201524836,High
34.09383397378767,73.24063074236638,71.34320111350767,18.573020786034977,15.533838209614911,14.467361048046639,81.15603098250185,175.64224521796618,High
35.857113733691946,71.5284975960008,72.5218888016955,18.68141113722925,13.929352216154575,14.387554681229021,84.72697386138509,164.46374351422673,High
28.69634401400198,84.37306770303628,82.31623971003727,18.792293336641038,16.590059525089405,17.182792331968667,82.09643330163608,137.51565839500785,High
32.51568807237748,75.80154172541894,76.66999305878632,19.22496618974584,13.663849555544205,13.227254651703756,87.74510143076249,346.8636368418582,High
29.470270041625106,83.72336599781036,82.27192735658849,19.098992712136322,15.980583104756537,14.71579758639379,83.08302186359103,192.23380213133592,High
33.870086632160024,74.40775818767152,71.614613572897,17.973849077243376,15.316464017187226,14.267271828920864,86.206567366452,234.63325788530437,High
29.864145847759822,83.43301350343647,82.88537995059467,20.310275911548498,14.241563498774827,14.645627813215931,85.32144674199654,239.0703874414008,High
29.872679506313983,81.90659359534155,82.04237221476275,18.958264877715887,16.602440164562008,14.713454879990666,85.40804090054147,477.70317854923326,High
29.20294335472951,84.29975699909211,83.36165593762728,19.646498230891943,15.46084325515882,14.709810106146483,83.4191149049688,208.40270523091775,High
35.27709296119214,72.14227096892337,73.78586469345419,18.086348915823287,18.026406275469185,12.921489795330917,83.83213260902284,297.28429708335887,High
31.9928121353196,77.38206461501672,77.68201210622291,20.472416131931674,15.725228267251275,13.233777713118497,83.37272316237365,334.5524504034657,High
34.85602471141188,72.44173440216738,74.3157714692852,18.510475594988524,14.353031502065637,12.681189625194616,85.29501914635969,190.50828805742145,High
30.55143562463568,81.61059740031432,80.15934569422103,19.920059740031434,17.970762971662264,13.92102497743053,85.12291405939175,155.63289854676407,High
34.76260000174574,75.23455738370713,74.81612542192389,19.931862469488493,15.111911379802894,12.88,87.18211089860172,309.16605227697687,High
33.44353915346651,73.40087575955654,77.82286481072433,18.90662004091949,15.575775051149364,12.767401352935217,80.17710907671943,240.66593172648678,High
30.33323261942115,82.65313068373005,81.52987530490162,19.764986546807133,18.40033319510072,13.49398696150498,84.43398696150498,202.45857415745286,High
35.822974680882645,70.92939780999232,69.1777525086075,20.63139849462849,13.173678831995904,15.83865419751472,84.39112864949527,80.27895619570612,High
33.70149894476149,75.80421689224451,75.33064675641619,20.247385520073237,15.266035595533419,13.59587933595039,86.73943861273669,309.8504274590783,High
32.26717532882682,75.8346936286808,76.65049221245621,19.03788594543702,14.059973307098609,13.538587664413413,86.86641334475932,342.2999190970439,High
32.36629070994538,77.87558600365062,79.77756834879567,18.30343025081897,15.655177693865761,13.01394419215287,85.21438178499089,382.8045541298892,High
33.89627237037205,72.74787821851406,71.50302278780389,20.335476702314825,14.38436797978401,12.419557962190428,84.54022222824042,307.60813806222,High
28.521736780311805,86.14647674982976,84.2831025682994,20.05967869722239,17.704303843981847,14.072387107699656,83.90990062090677,173.8830287085239,High
34.34263026140603,74.05354066152405,76.73315965145864,19.112011877158434,15.72873591066068,13.924037986628608,83.0421982099769,187.0116401863143,High
34.22388269510914,72.53518055721258,72.83759901998033,19.90210549693262,14.030096297180043,12.760903932009226,85.38136134361442,141.726909322668,High
29.781660955927443,83.12798379789685,83.27076347925437,18.730401992256123,16.610716733173955,13.999993759177464,85.41905577724651,435.2065310081952,High
33.8899165891562,75.58329268939194,75.0826337548487,20.151671764613944,15.185371172693513,13.463445208899797,86.86163919360611,312.53462642507185,High
29.219866847091435,84.79765750268935,84.74717667415968,19.91226112750667,16.319038342940654,14.102020713241833,84.69879792867582,445.9295845630002,High
33.723453006848565,73.50167498774847,70.37392326946149,18.867868654897006,15.879646673997096,14.836560898409843,80.1428297863932,165.78975487031,High
33.99940203307296,74.57789612046724,76.28929317400028,18.971288194460364,15.168611245700156,13.799436199046864,85.21220540841335,245.64995408076527,High
34.72761396655313,70.47681474784741,75.80835595984333,18.825624636791552,15.453749757861035,12.36948690837193,80.31129875055176,258.80609123773837,High
29.84549652822145,83.1981193007414,83.35328118472077,18.925401990877592,15.651076717503422,13.170647535917482,86.03654061687486,440.1380790929935,High
32.645542497756296,76.31884430261455,77.22488200541451,19.157735861450014,13.788797192360441,13.340990556054157,88.18686319050623,346.37627310810365,High
32.33128675849022,78.36294342474073,78.14675673284339,18.746977819828896,16.0429166964469,13.183111769864126,85.85527418621038,312.7280181924909,High
33.28228965154878,74.80082642381345,73.91439563105958,19.909661638050476,16.454644173060462,15.012697873458356,80.15846691230462,152.2999391621778,High
34.2972487396407,72.01504043720638,75.40079271561085,18.588789685869656,13.865087968203172,13.632543984101588,87.12129423454716,417.1040071832362,High
35.201683756140206,70.5553645334265,74.91105239931706,18.21709616768163,14.637344292667619,13.563755984764367,85.68694729269004,450.9494091199273,High
29.72485516738525,83.07207968853787,83.23379463274279,18.78179770569906,16.635062071120608,14.201068217033157,85.50020690373535,450.17260209110464,High
28.845076422009463,84.52838292428194,83.13568779808517,19.121882517164625,16.17265487960548,15.50773944396117,82.2843443061599,176.90870257131303,High
29.627324773252024,82.66194668863608,82.86176443649796,18.944376873957662,16.68422507558266,14.794468235246974,85.668055193126,491.797959252302,High
32.09581889183629,76.91953746684177,77.89691725611729,19.470886015320684,14.271598732676804,13.254373931626159,86.4755503978987,349.57476079430927,High
30.21849902866586,82.4271182925593,82.05183122440786,20.31,14.487954951169868,14.352971883861382,84.9155610101875,257.2230228131143,High
34.49806213858348,75.12258137051523,71.12693046684475,17.342533275572993,15.132747778605896,14.54117603916939,88.31429366726688,191.1593152464682,High
28.65065710406199,86.22860365386826,84.16736077509823,20.340350013266157,18.526042860041347,13.692221433142121,84.63222143314212,169.99647068009256,High
32.87728460491862,73.12277034146693,72.52724339512946,19.12,15.65,13.77,82.76055617571458,312.0122346142077,High
32.339498394158376,75.40892074406763,76.00191762657973,19.0507174570281,14.308438031544096,13.574749197079187,86.16534621146478,337.8088900401654,High
34.43326005340506,73.25768150752067,72.81505388271076,19.12,15.65,13.77,86.78090892411596,295.6610012884948,High
29.01744256402322,83.59378744691847,81.86846895715834,18.83067262351665,16.47523010804517,17.333699065203522,81.7496105863851,135.37310627654077,High
31.33921332837504,80.64222348136774,78.18769814603358,18.419376971499986,15.660379534649032,14.670054219235576,85.12186908550004,189.02523166352395,High
34.05201848229188,72.74065979504533,73.40868751848313,19.721638824752624,14.162337716953843,12.351340915812052,85.5063284758079,152.77153414962254,High
36.17006924260317,67.97352655488747,73.19471423598068,18.207648817412167,14.291313857505974,13.837107623368963,85.88490679679249,480.8124441668011,High
35.330694750529084,72.26525451582894,74.85129664162255,17.795427779651703,14.465613498522924,12.87592605149911,85.17026612325839,212.78735232932013,High
32.850289563984404,76.44443288061908,76.53703949962879,20.139219642599638,15.401496397423635,12.88,84.28851961402687,338.9578524230803,High
28.674345271982922,85.5387679347823,83.97516043332018,19.749011410606194,17.031191389646754,14.344902271398075,83.30491695749627,181.90042482453134,High
34.94031772615505,74.54598876875225,73.89175020320113,19.73,14.83,12.88,87.70070392353595,319.24654466660405,High
29.52526253520466,83.9081218658266,83.17796866273284,19.99307799484372,14.82313648948755,14.689015320309377,84.41726462514993,224.02998678750345,High
35.01711667783539,72.36067970029426,73.1701652415324,18.208984052282595,17.655421029823735,13.245595638438463,83.20423263512599,275.044071233092,High
33.44156959069752,74.4264272531566,75.7964570312299,20.464798106312475,15.55493999800703,13.593116401993703,83.21536656478341,145.26867041727436,High
28.36575332646996,86.76762514637853,84.59785489480169,20.37721644254329,18.392302292177128,13.79384522583922,84.52826359863694,165.68832654418983,High
28.500223313862016,86.23214644658519,84.32651367024272,20.103473968209467,17.799193597787184,14.033970203325028,83.99518614861844,172.7528033818223,High
28.649234255250043,85.63876359070072,84.02583087779902,19.800130266098122,17.141948909879268,14.300061170089366,83.40446420240161,180.58119962402913,High
30.04253417073506,82.89017160729648,82.5289763558347,20.183670558098,14.170032924485048,14.55241644253737,85.62736007093855,249.37285440148722,High
34.72333041564525,72.31572298090336,69.35601734407801,19.65998554660166,14.684271318762551,15.675385257533694,81.57997109320333,122.22319890283495,High
32.077973397335725,76.83877350717424,78.11450490142865,19.012983844968723,13.545462143733086,13.472631610367586,88.33091986961932,350.48025301206013,High
33.95517311512431,72.8692655318845,72.91994207322387,19.672523546134762,14.383940305444995,12.688615079005501,84.75233959650384,151.98159053963863,High
34.68225055214544,72.78866452357869,73.51096888337403,17.98140574231257,15.258951214719966,13.438807869149331,84.27308291217547,217.5941445717456,High
30.115007728121817,83.45746026668326,83.49566446013984,18.4779116967034,16.286716339909944,12.702816773826282,85.08053862477544,351.6087350427026,High
30.41168821378282,80.91077570214614,81.62946471284849,19.175199681232186,15.911499601540232,14.074144602918137,81.69045205001981,209.0819990243304,High
33.935837231921816,73.21455236114929,72.72304503711848,19.12,15.65,13.77,85.49566036224884,300.888253828706,High
28.77760254656206,84.30065859464696,82.52842291905856,18.839335663728637,16.311819747715745,16.675880912644292,82.03553439044761,152.39460019782933,High
33.35191969161018,73.16392367268297,72.61503716839032,19.12,15.65,13.77,83.9869254459523,307.02445087082486,High
33.87134079712554,72.70311596640747,71.84983761231297,20.331192244672064,14.771117968445328,12.272488986067465,83.98603549958706,327.2908989648094,High
33.433457336284285,72.02335858622753,72.56100443024687,18.940799486149803,15.373573675443845,13.775719165335644,83.04914234427041,345.33377621639613,High
29.669628561352116,83.01772969529891,83.19785350818154,18.831764634967133,16.65873061656338,14.396552870134574,85.57910205521127,464.72262124885043,High
33.894013567086034,73.35124269238375,70.74258833134124,18.780999301235685,16.113770175937972,14.626803190788605,80.54645446620981,180.1941768426633,High
34.530087464274644,70.71434754207615,76.33397535566827,18.809087078437575,15.26428945538286,12.309316903778846,80.2895562988241,262.85466282628386,High
32.287427336292374,76.0673764291827,76.9886414920854,18.23441419105458,16.15589804740769,16.126872140799236,77.76504930245466,84.52393828210705,High
33.21576532705539,73.74554418698543,75.28118773941814,17.0462862577327,16.171064270529996,14.533675264131348,81.79793234625134,112.90147271848329,Low
33.46083337040103,73.48562057967682,76.42499710871944,19.172084315627373,16.133542491422983,15.5125001112031,80.09145862060801,92.26042024369968,Low
31.507069939126627,76.80257052143618,74.68596258049574,16.419516446574324,16.314761815827076,14.942820417044546,83.40594102525625,94.26609377956407,Low
34.05120448583388,73.92984851252533,77.43181493323623,16.57421199343681,14.181344061841378,13.367302436171244,81.09501416021901,302.10246269608393,Low
33.2593722312885,73.3473810911653,76.05614063940072,16.943981641852204,14.426615636345336,14.602909685907157,76.14375184580767,39.69024264732329,Low
31.62984606619454,77.70619076397168,78.90682462940887,17.77,14.83,15.24,79.13619076397168,65.92196807376793,Low
31.565425087075834,77.71656343322898,75.76101279281178,17.712902068704377,16.494164773044503,14.099558770573596,80.96794930060169,214.31014348065736,Low
31.933202983239628,76.68128146927639,77.35641721229338,18.723637636874503,15.67761147486225,16.302052324024512,72.48750000000003,10.493387262566069,Low
32.77666534004303,77.93474150949432,78.57565780879708,18.11302657360877,15.941224385650967,12.395505755558435,83.26550177568751,446.31342040743766,Low
33.54640294471884,72.44915271182086,73.82783644997784,17.316478380404636,14.542636613573329,15.082437799640642,77.31343800413501,41.6100508963621,Low
34.60899896744928,71.45943659331358,72.25054838814245,17.252975041976836,14.915198631634592,15.786322733383264,72.48750000000003,12.897080339162244,Low
30.381400718421972,79.53120277492084,80.10501201563942,20.014901028249437,16.013893224374797,16.68182063670307,81.25566282606525,91.4178823222255,Low
31.461131050043704,76.96102154532825,74.87903991465244,16.436098198629065,16.340469092202234,14.946076297685973,83.52673095521308,95.23040151729003,Low
33.664307084054855,70.58967205085705,74.67120574618711,16.608122002877604,13.670748149117037,12.826176594375351,82.99432971552659,455.54105422566175,Low
31.72669194725648,73.98208150477376,74.06504264005498,16.476727963720837,15.914424646899842,13.146216115538394,82.40398483164611,140.05155260056932,Low
34.492167568180456,70.14302365056393,72.50150726491167,17.075334712004693,16.572506840555448,13.742292819959578,84.20727001810809,118.9886538362136,Low
31.54336585396246,78.5373713958962,76.6274955647619,16.98535365850402,14.937613081883017,13.83508203966659,80.32320510050157,250.7820720629398,Low
31.007936838351704,76.18968643685034,76.80140597290529,18.05887977289251,14.552046303836448,14.700500407168182,81.74893765268807,179.11341490793802,Low
33.57999830583381,69.45113419527486,71.18782024069145,17.39443120819638,16.792680517164918,13.754948907714649,82.01133687025008,141.18946366465363,Low
34.97781059053466,76.52191591485338,77.72084230403586,19.413571913515007,14.93316506620212,15.653122878371844,77.12428765406003,62.36381679871688,Low
33.32092632837807,74.30241895055737,74.83914096442781,17.648543214627015,16.767384427993075,15.304371232280305,82.14834396469341,119.91416497305595,Low
34.51190726204879,73.22471149347268,75.23566512449709,17.66156105421602,15.287254509537743,14.124638587098726,84.23930550502209,193.89401115033195,Low
33.37700946941953,76.4503998002712,78.53143994673898,17.711403067704826,15.435501633716807,16.1449970654477,81.95614197991338,70.09287402437339,Low
34.86885161530396,65.91233387719464,67.44430161762968,16.925071371961796,15.181495967554378,14.263482261890687,73.16685755909127,25.500869330156156,Low
31.97446798043447,76.54141474308454,77.70136073417882,16.832004629334776,13.666977624881916,13.521942904871098,83.38585957684514,155.50330855863,Low
31.202692264051628,79.06082455612152,80.19497836736282,18.2194506741382,15.616538679741856,15.873725450534867,81.08409944598395,62.80046166065544,Low
33.485110491118654,71.50352317349633,73.50556524401023,17.522511688532713,14.523816404659616,13.17608585161929,81.17728219435723,177.0314598436467,Low
34.96167269912069,75.48584429982806,77.18441345689442,19.51720275331336,15.672732807506025,16.181942799764215,79.52639684503613,74.29070255479706,Low
35.248254114444435,69.78551413608828,72.00311899590572,17.365368131826518,14.052187019512969,11.658238585342477,86.89063060435295,307.5328143491769,Low
32.638400909081234,77.06854859540411,78.6962796254411,17.739933012095573,15.140692208345728,15.70436792430168,80.58987464297859,69.54129509948555,Low
31.714436619441837,77.21294517273436,78.09111921698022,17.603558854076496,16.79425050457821,14.845719318877336,80.6705985930699,89.07000758339534,Low
33.525837789408854,74.67833392631943,78.04405409616622,15.925497604238844,14.125825115892683,13.724724961369105,79.6581430445019,258.9318585657271,Low
32.239249925147845,73.73422516792557,72.20287193748031,16.72396690468204,16.54621558985158,14.469817505466379,82.61054902298778,113.572858082998,Low
33.0595368050608,74.17660937083541,74.95809717707802,17.082951243619508,14.725926856104737,15.414195174714397,72.48750000000003,12.287561062032202,Low
33.226451448011666,69.69046201030507,68.98893356057589,17.070863458250777,16.768133901175872,13.798034667789688,81.504129131193,137.84805979561364,Low
33.427534740246415,73.58615825724891,73.05853805959339,17.812738599499063,15.127337073639913,15.449707091714242,79.27093482945597,81.19055448255747,Low
31.720864760582437,77.71165188563495,78.89226163830682,17.77,14.83,15.24,79.14165188563496,67.12341483968815,Low
31.042738736846026,79.83179924598744,77.59763581632802,17.85970084808117,17.016818096301254,14.568878793579918,82.10287162972888,217.57700283669445,Low
34.10717260852622,70.5068204968284,70.11049894326543,16.329005093022474,15.864126459477701,14.057463292108102,81.79025621035497,95.76329328183431,Low
34.389833095329294,75.67898315062759,76.33000861718759,19.507653128369252,13.751725740966146,15.093126289778466,77.61140054881231,67.59738122839426,Low
32.62669144425207,75.51194266365776,74.81930289027662,14.682332804408302,13.103348668466532,11.523146968825136,86.67247229377735,414.81694390592565,Low
31.9478020097107,76.17443563283247,78.10245572993946,16.74330689849742,14.095683323929139,14.615881585198489,84.66267381733574,128.81323793581484,Low
33.90628437257476,70.02917062733222,70.58081994281758,16.976985779477584,16.61669193917906,13.65865876427235,82.8307298858212,134.28681509533504,Low
33.22682521712099,75.27376502081344,75.54613179474536,19.23322063365813,14.557123206808948,13.838750707586101,82.77759885817191,125.89690551654894,Low
31.355178346139613,77.30622647146518,78.73846704737066,17.048049168220313,13.452831586721693,13.63147176575821,81.94158837821817,120.25638151886406,Low
31.61391660043195,76.64019641699066,78.04662432282223,16.85,13.58,13.3,82.5934240048956,145.20785494369952,Low
32.16831302145718,80.57558245303548,79.37255561915637,18.28203465681417,16.891067076026538,15.513424259769918,84.639801564587,78.30727664742105,Low
33.57388921125605,74.6562672893539,77.52105328332472,17.430563402195833,14.638456835546377,13.450323190869424,81.285985588256,293.9287385366443,Low
32.484323641593456,76.75248988668424,76.50855674124365,16.991449537899868,15.637197745287052,15.202061860138183,84.97945018026101,115.11461410485383,Low
32.97825431462816,72.62949446305437,75.94309071429801,16.70989947308946,14.618674786216655,15.543594800047167,76.22674472237645,17.157494083218886,Low
32.92950284073413,74.27832462366437,75.98942110805056,17.84527809022207,15.066792279524975,15.513246308482408,74.27032520402379,19.587298552128445,Low
31.762295918551075,74.58728571390846,75.13265306063656,16.03,15.22,13.75,79.99954081628978,100.46095918359018,Low
32.35200575140165,77.47653995661582,77.2408253136716,16.82543578747288,15.538575715330424,15.283425034852401,85.13313617694342,113.69034762223019,Low
33.144530009730566,77.46038083809843,78.40179088067246,19.06090762680917,13.913670985281675,14.998192870696949,77.35452188541527,60.10322543972384,Low
32.501550036819225,73.5916536562824,76.36916869869654,19.536349453127794,16.59759193192072,14.357945176334736,78.91969467855483,163.50279368841117,Low
31.68891695032163,78.781316969186,80.16851931073911,18.835625728787793,13.995335673314424,14.950320467367407,76.6086573067423,50.7067367874979,Low
31.663136345727107,77.24147608315317,79.04264210941056,18.77,14.08,11.56,84.42842056454823,418.6788353166222,Low
31.97164644260969,77.03255600463748,77.11251970544215,17.325633685837715,16.259105475880915,13.506406865614949,80.63803204693802,71.62644575596315,Low
32.157296779452615,78.73934135948373,77.17839563141867,17.92450574016973,17.067582749229135,14.410703667656291,82.4166820483041,82.53789458589246,Low
31.631732714758545,77.70630396288551,78.90652276563864,17.77,14.83,15.24,79.13630396288552,65.94687183481278,Low
34.659758699440125,73.78367538811005,75.7110642623301,19.704127508184463,15.811132841375391,16.452098043614875,82.47566928925563,90.79741172508399,Low
33.50285261729167,74.9030555304009,74.3192289435222,17.674071068200924,16.69652875412592,14.704202711989817,82.71249529843611,110.86292485886594,Low
31.701799352702828,76.2861481166321,74.23652709396187,16.398485669908094,16.264132168297266,14.888296181243208,83.19719109390257,93.43576756007513,Low
34.70369851345827,71.47664771363108,72.23772631111045,17.85759612898728,15.294337363233323,16.20135590462116,72.48750000000003,12.470747685933915,Low
