District,1984,1985,1986,1987,1988,1989,1990,1991,1992,1993,1994,1995,1996,1997,1998,1999,2000,2001,2002,2003,2004,2005,2006,2007,2008,2009,2010,2011,2012,2013,2014,2015
COLOMBO,2882,2756,2961,3326,3435,2940,3375,2970,3567,3290,3240,3148,3157,3490,3220,3442,3209,3518,3575,3280,3568,3251,3275,3033,3502,3554,3505,2706,3477,3597,3551,3431
GAMPAHA,3477,3215,2872,3316,2901,3207,3261,2648,2970,3262,3371,3307,3316,3391,2597,3037,3247,3253,3499,3251,3245,3408,3603,3134,3495,3353,3451,3061,3453,3750,3118,3594
KALUTARA,2631,2389,2558,2802,2523,2337,2624,2731,2783,2392,2858,2704,2375,2689,2547,3064,2859,2918,2876,2478,2426,2865,2861,3170,2884,3115,3208,2917,3367,3105,2915,3644
GALLE,2383,2326,2341,2676,2773,2867,2673,2635,2659,2679,2938,2651,2526,2911,3154,3042,3085,2902,3592,3438,3383,3711,3498,3418,3190,3032,3286,2968,3431,3552,3653,3738
MATARA,2757,3149,2601,3264,2994,3117,3253,2696,3480,2888,3143,2985,2837,3357,3253,3431,3540,3418,3735,3514,3799,3785,4025,3692,3887,3491,3641,3474,3653,3960,3882,4266
RATNAPURA,2911,3152,2788,3029,3209,3200,3350,2937,2843,2736,2989,2939,2923,3296,2804,2927,3296,3346,3442,3080,3003,3028,3012,3342,3305,3462,3318,3519,3367,3766,4053,3924
KEGALLE,3507,3586,3538,3446,3076,3460,3592,3453,3357,3787,3493,3709,3539,3641,3436,3354,3709,3885,4042,3421,3233,3403,4032,3143,3749,3721,3791,2993,3629,3916,3344,3857
KURUNEGALA,3055,3617,3724,3663,3353,3438,3436,3619,3265,3372,3515,3533,3171,3493,3460,3171,3614,3601,3520,3520,3608,3492,3655,4035,3838,3940,4033,3319,3934,4806,4062,3609
PUTTALAM,2158,2643,2555,2832,2853,2977,2623,3161,2761,2347,2843,3385,3429,3244,3079,3259,3442,3562,3314,3108,3685,3704,3451,3962,3834,3976,3973,3641,4087,4599,4072,4028
KANDY,3171,3727,3998,3242,3398,3368,3251,3377,3333,2509,2785,3015,3466,3367,3151,2973,3509,3922,3910,3554,3627,3488,3620,3710,3764,3768,3470,3121,4169,4013,4187,4203
MATALE,3408,3737,4286,4186,3073,3460,4097,4506,3780,3794,3331,3691,3746,3677,3906,3657,3854,4503,4089,4162,4129,3918,3472,3866,3559,3759,4494,3599,4384,4404,3956,4602
NUWARA ELIYA,3774,3835,3655,3698,3704,3538,3769,3908,3326,3794,4073,3609,4256,4028,3867,3242,3247,3575,3638,2983,3321,4374,3898,3459,3929,4145,4134,3847,4002,5282,4403,3717
BADULLA,2973,3719,3878,4533,4022,3926,3783,3998,3665,3997,4034,3602,3393,3649,2867,3710,4081,4334,4257,3772,4326,4264,4278,4434,4094,4484,4324,3324,4514,4869,4872,4761
MONARAGALA,3074,2988,3810,3309,3310,2856,3564,3872,3560,3485,3248,3215,3228,3292,3398,3521,3984,3937,3956,3838,4064,3910,3957,4089,3993,4413,4413,4077,4258,4270,3969,3993
JAFFNA,1255,1687,1792,1608,1805,1701,2342,-,1805,1908,2145,2633,2062,2630,1935,2217,3137,2245,3404,3419,2016,2214,1977,2141,2887,2506,2605,2659,2680,2388,1547,3096
KILLINOCHCHI,-,2395,2981,2996,2934,2767,2575,-,2784,3277,3026,3599,1682,-,-,2733,-,1732,2113,3287,3399,3461,3345,3344,2803,-,-,2854,3059,4221,4218,3689
VAVUNIYA,1992,2946,2904,1916,2633,2372,2320,-,2423,2423,2423,4012,2212,3549,2681,3497,3455,2678,3838,3637,3704,3685,3898,4327,3587,4689,5367,4139,3972,3722,3408,4816
MULLATIVU,1153,2579,2498,1830,2671,1903,2993,-,2372,2475,2475,3609,2578,2836,2578,2578,2578,2615,2615,2948,3977,3464,3624,3624,3430,-,5316,2456,2994,2685,2563,3330
MANNAR,3644,3781,4126,2480,3794,3423,4199,-,3351,3661,3712,2939,3094,2939,2578,2784,2814,2803,3924,4271,4102,4203,4108,3874,3640,3670,5403,4001,4798,5509,5254,5489
ANURADHAPURA,3144,3972,4567,3867,3544,3694,3824,4096,3594,3710,3837,4018,3700,3989,4264,4294,4400,4474,4323,4341,4523,4549,4520,4726,4311,4633,4924,4463,4982,4467,3898,4802
POLONNARUWA,3785,4874,4876,4912,4341,4266,4554,4438,4414,5048,3023,4861,4833,4916,4114,4236,4539,4948,4627,4462,5019,4992,4911,5119,4900,5223,5336,3831,5086,4889,4819,5306
TRINCOMALEE,2365,3379,3435,2983,2836,2836,2990,-,2578,3094,3094,2269,2939,2269,2681,3425,3177,3735,3607,3466,3985,3927,3965,4261,4381,4463,4332,2388,4484,3424,4830,4473
BATTICALOA,2089,3163,2609,3113,1703,3052,2900,-,3037,3039,2741,2335,2219,1924,2808,2871,2854,2769,3126,2581,2815,2360,3207,2891,3661,3693,4031,2399,3733,2088,3024,2686
AMPARA,3143,3827,3287,3606,3682,3470,3522,3630,4098,3400,2875,3647,3857,4187,3771,4099,3866,4099,4607,4216,4655,4292,4576,4934,4864,5158,5368,3333,5026,4084,4885,4078
HAMBANTOTA,4116,4328,4194,4302,4853,4321,4179,4455,4637,4703,4048,3953,3893,3995,3761,4106,4354,4680,4820,4587,4627,4467,5069,5215,4762,5295,5183,5779,5198,6575,5592,6134
UDAWALAWE,4161,4628,5093,5973,5103,5125,5713,5093,5003,4730,4841,4888,4529,4811,5021,4882,5024,4847,5238,5192,5044,5335,5681,5636,5661,6517,6275,-,6399,6405,5811,6425
MAHAWELI'H',4190,4760,4737,5272,4128,4479,5548,5594,4870,5177,4830,5341,4671,5138,5516,4748,5156,5161,5192,5118,4895,5756,5303,5563,5504,6036,6476,-,6155,5686,5868,6484
SRI LANKA,3031,3498,3585,3678,3440,3429,3564,3620,3512,3516,3345,3604,3534,3671,3555,3612,3798,3860,3990,3794,4002,3955,4069,4299,4175,4421,4583,2994,4444,4281,4222,4364
