Date,1_month_rainfall_aggregate,1_month_rainfall_aggregate_avg
1981-01-01,,
1981-01-11,,
1981-01-21,89.5776,180.1767
1981-02-01,72.4396,143.8716
1981-02-11,65.25,107.4868
1981-02-21,64.6379,77.2302
1981-03-01,8.1034,64.8802
1981-03-11,8.6293,65.8649
1981-03-21,25.6552,71.8262
1981-04-01,58.6379,78.3716
1981-04-11,70.75,91.55
1981-04-21,69.1207,104.1287
1981-05-01,136.6466,133.4764
1981-05-11,188.3534,159.3523
1981-05-21,208.9396,161.1474
1981-06-01,110.0086,108.7931
1981-06-11,43.7931,49.7503
1981-06-21,8.7931,14.0302
1981-07-01,8.5086,21.0032
1981-07-11,40.75,36.7463
1981-07-21,93.4052,52.298
1981-08-01,97.8966,53.6175
1981-08-11,68.4224,60.8282
1981-08-21,42.2672,70.2537
1981-09-01,105.7845,93.3828
1981-09-11,263.0603,99.7816
1981-09-21,241.138,127.15
1981-10-01,178.3534,147.3385
1981-10-11,70.2241,205.3934
1981-10-21,207.4052,260.2779
1981-11-01,265.9569,306.6902
1981-11-11,250.3879,324.5644
1981-11-21,182.2759,337.5647
1981-12-01,169.1121,341.21
1981-12-11,264.6983,356.7336
1981-12-21,208.1638,339.5899
1982-01-01,158.2845,301.2839
1982-01-11,28.6724,237.2716
1982-01-21,10.8621,180.1767
1982-02-01,7.9397,143.8716
1982-02-11,6.5776,107.4868
1982-02-21,4.7155,77.2302
1982-03-01,4.4138,64.8802
1982-03-11,5.4828,65.8649
1982-03-21,22.1379,71.8262
1982-04-01,23.7672,78.3716
1982-04-11,47.931,91.55
1982-04-21,77.1379,104.1287
1982-05-01,79.9483,133.4764
1982-05-11,92.431,159.3523
1982-05-21,114.2672,161.1474
1982-06-01,115.681,108.7931
1982-06-11,77.75,49.7503
1982-06-21,9.7241,14.0302
1982-07-01,8.9569,21.0032
1982-07-11,12.0948,36.7463
1982-07-21,19.9397,52.298
1982-08-01,19.7069,53.6175
1982-08-11,30.6724,60.8282
1982-08-21,27.9224,70.2537
1982-09-01,33.0776,93.3828
1982-09-11,70.4138,99.7816
1982-09-21,91.4224,127.15
1982-10-01,123.0776,147.3385
1982-10-11,104.0172,205.3934
1982-10-21,168.2586,260.2779
1982-11-01,244.9483,306.6902
1982-11-11,255.9483,324.5644
1982-11-21,377.9224,337.5647
1982-12-01,462.3707,341.21
1982-12-11,572.5517,356.7336
1982-12-21,394.2414,339.5899
1983-01-01,194.0603,301.2839
1983-01-11,45.431,237.2716
1983-01-21,16.2931,180.1767
1983-02-01,14.6207,143.8716
1983-02-11,10.5603,107.4868
1983-02-21,6.5345,77.2302
1983-03-01,7.0948,64.8802
1983-03-11,7.069,65.8649
1983-03-21,8.8534,71.8262
1983-04-01,21.2672,78.3716
1983-04-11,27.5259,91.55
1983-04-21,38.7241,104.1287
1983-05-01,77.6207,133.4764
1983-05-11,90.431,159.3523
1983-05-21,90.819,161.1474
1983-06-01,39.8448,108.7931
1983-06-11,22.5,49.7503
1983-06-21,8.25,14.0302
1983-07-01,8.2069,21.0032
1983-07-11,7.1207,36.7463
1983-07-21,25.6293,52.298
1983-08-01,73.0259,53.6175
1983-08-11,90.2931,60.8282
1983-08-21,96.4914,70.2537
1983-09-01,103.1035,93.3828
1983-09-11,121.1638,99.7816
1983-09-21,102.8276,127.15
1983-10-01,51.8103,147.3385
1983-10-11,59.181,205.3934
1983-10-21,78.9828,260.2779
1983-11-01,198.569,306.6902
1983-11-11,184.7328,324.5644
1983-11-21,184.9483,337.5647
1983-12-01,117.6896,341.21
1983-12-11,329.6207,356.7336
1983-12-21,572.6724,339.5899
1984-01-01,565.6034,301.2839
1984-01-11,614.7672,237.2716
1984-01-21,421.8534,180.1767
1984-02-01,545.0259,143.8716
1984-02-11,428.2931,107.4868
1984-02-21,411.3018,77.2302
1984-03-01,284.069,64.8802
1984-03-11,109.7069,65.8649
1984-03-21,120.4396,71.8262
1984-04-01,83.4569,78.3716
1984-04-11,136.25,91.55
1984-04-21,139.2931,104.1287
1984-05-01,138.6379,133.4764
1984-05-11,145.4741,159.3523
1984-05-21,91.2759,161.1474
1984-06-01,101.4483,108.7931
1984-06-11,45.3966,49.7503
1984-06-21,29.6293,14.0302
1984-07-01,45.569,21.0032
1984-07-11,65.6466,36.7463
1984-07-21,96.9052,52.298
1984-08-01,65.9914,53.6175
1984-08-11,43.4052,60.8282
1984-08-21,27.1466,70.2537
1984-09-01,36.2155,93.3828
1984-09-11,57.5776,99.7816
1984-09-21,201.25,127.15
1984-10-01,222.8276,147.3385
1984-10-11,206.1552,205.3934
1984-10-21,106.0345,260.2779
1984-11-01,127.8362,306.6902
1984-11-11,286.2242,324.5644
1984-11-21,420.8534,337.5647
1984-12-01,437.9828,341.21
1984-12-11,278.5086,356.7336
1984-12-21,110.319,339.5899
1985-01-01,125.1638,301.2839
1985-01-11,161.3966,237.2716
1985-01-21,154.1121,180.1767
1985-02-01,183.9483,143.8716
1985-02-11,158.9828,107.4868
1985-02-21,142.931,77.2302
1985-03-01,31.5948,64.8802
1985-03-11,84.6983,65.8649
1985-03-21,100.0259,71.8262
1985-04-01,115.9569,78.3716
1985-04-11,51.25,91.55
1985-04-21,36.1897,104.1287
1985-05-01,30.7328,133.4764
1985-05-11,60.9655,159.3523
1985-05-21,95.8879,161.1474
1985-06-01,95.3448,108.7931
1985-06-11,59.5776,49.7503
1985-06-21,21.25,14.0302
1985-07-01,6.9397,21.0032
1985-07-11,53.6983,36.7463
1985-07-21,62.8621,52.298
1985-08-01,68.4138,53.6175
1985-08-11,26.3966,60.8282
1985-08-21,38.1034,70.2537
1985-09-01,62.3448,93.3828
1985-09-11,88.5948,99.7816
1985-09-21,162.319,127.15
1985-10-01,197.3879,147.3385
1985-10-11,170.5172,205.3934
1985-10-21,136.8017,260.2779
1985-11-01,254.9914,306.6902
1985-11-11,258.6466,324.5644
1985-11-21,221.1897,337.5647
1985-12-01,187.3103,341.21
1985-12-11,213.069,356.7336
1985-12-21,207.069,339.5899
1986-01-01,255.888,301.2839
1986-01-11,262.362,237.2716
1986-01-21,247.2069,180.1767
1986-02-01,48.6983,143.8716
1986-02-11,17.8621,107.4868
1986-02-21,32.6034,77.2302
1986-03-01,106.3879,64.8802
1986-03-11,102.5086,65.8649
1986-03-21,98.7155,71.8262
1986-04-01,28.6293,78.3716
1986-04-11,56.9569,91.55
1986-04-21,116.8879,104.1287
1986-05-01,127.1552,133.4764
1986-05-11,102.931,159.3523
1986-05-21,82.2672,161.1474
1986-06-01,69.6035,108.7931
1986-06-11,60.1207,49.7503
1986-06-21,4.9483,14.0302
1986-07-01,6.5259,21.0032
1986-07-11,8.4397,36.7463
1986-07-21,24.9741,52.298
1986-08-01,35.1121,53.6175
1986-08-11,36.9138,60.8282
1986-08-21,36.319,70.2537
1986-09-01,46.9914,93.3828
1986-09-11,110.5431,99.7816
1986-09-21,114.9742,127.15
1986-10-01,139.0345,147.3385
1986-10-11,167.7069,205.3934
1986-10-21,251.6638,260.2779
1986-11-01,292.7328,306.6902
1986-11-11,226.4569,324.5644
1986-11-21,148.1207,337.5647
1986-12-01,119.3966,341.21
1986-12-11,113.4052,356.7336
1986-12-21,132.8966,339.5899
1987-01-01,106.3104,301.2839
1987-01-11,132.3362,237.2716
1987-01-21,108.2845,180.1767
1987-02-01,75.2328,143.8716
1987-02-11,27.6724,107.4868
1987-02-21,8.0431,77.2302
1987-03-01,6.8966,64.8802
1987-03-11,7.0603,65.8649
1987-03-21,29.0086,71.8262
1987-04-01,33.1724,78.3716
1987-04-11,58.1034,91.55
1987-04-21,84.5604,104.1287
1987-05-01,89.2414,133.4764
1987-05-11,98.3879,159.3523
1987-05-21,145.7414,161.1474
1987-06-01,138.5776,108.7931
1987-06-11,102.5259,49.7503
1987-06-21,8.5259,14.0302
1987-07-01,8.5,21.0032
1987-07-11,15.8448,36.7463
1987-07-21,14.1983,52.298
1987-08-01,19.8966,53.6175
1987-08-11,22.8793,60.8282
1987-08-21,25.9741,70.2537
1987-09-01,20.1897,93.3828
1987-09-11,53.4397,99.7816
1987-09-21,77.2672,127.15
1987-10-01,115.0862,147.3385
1987-10-11,182.6638,205.3934
1987-10-21,326.181,260.2779
1987-11-01,388.8879,306.6902
1987-11-11,313.5345,324.5644
1987-11-21,203.4655,337.5647
1987-12-01,227.75,341.21
1987-12-11,281.7241,356.7336
1987-12-21,239.1724,339.5899
1988-01-01,112.8793,301.2839
1988-01-11,37.9224,237.2716
1988-01-21,34.8103,180.1767
1988-02-01,34.7069,143.8716
1988-02-11,21.7759,107.4868
1988-02-21,22.7069,77.2302
1988-03-01,36.1466,64.8802
1988-03-11,46.2845,65.8649
1988-03-21,35.8621,71.8262
1988-04-01,53.0086,78.3716
1988-04-11,135.75,91.55
1988-04-21,194.3448,104.1287
1988-05-01,182.7414,133.4764
1988-05-11,171.3621,159.3523
1988-05-21,123.3362,161.1474
1988-06-01,106.7845,108.7931
1988-06-11,23.6552,49.7503
1988-06-21,8.5776,14.0302
1988-07-01,26.6466,21.0032
1988-07-11,50.5259,36.7463
1988-07-21,69.931,52.298
1988-08-01,66.3707,53.6175
1988-08-11,84.819,60.8282
1988-08-21,162.4914,70.2537
1988-09-01,238.6638,93.3828
1988-09-11,282.5776,99.7816
1988-09-21,263.4397,127.15
1988-10-01,197.6121,147.3385
1988-10-11,129.3362,205.3934
1988-10-21,55.2586,260.2779
1988-11-01,233.2155,306.6902
1988-11-11,266.25,324.5644
1988-11-21,268.1552,337.5647
1988-12-01,88.1034,341.21
1988-12-11,61.7069,356.7336
1988-12-21,84.7241,339.5899
1989-01-01,108.0517,301.2839
1989-01-11,192.6034,237.2716
1989-01-21,182.1896,180.1767
1989-02-01,138.8103,143.8716
1989-02-11,30.7845,107.4868
1989-02-21,17.7328,77.2302
1989-03-01,22.681,64.8802
1989-03-11,40.569,65.8649
1989-03-21,44.6466,71.8262
1989-04-01,36.8793,78.3716
1989-04-11,52.5086,91.55
1989-04-21,81.1724,104.1287
1989-05-01,120.1552,133.4764
1989-05-11,116.431,159.3523
1989-05-21,111.9052,161.1474
1989-06-01,75.4396,108.7931
1989-06-11,45.8707,49.7503
1989-06-21,10.6552,14.0302
1989-07-01,24.9655,21.0032
1989-07-11,49.1293,36.7463
1989-07-21,52.819,52.298
1989-08-01,35.4741,53.6175
1989-08-11,27.8362,60.8282
1989-08-21,46.6552,70.2537
1989-09-01,72.3276,93.3828
1989-09-11,127.6293,99.7816
1989-09-21,158.8104,127.15
1989-10-01,158.6466,147.3385
1989-10-11,201.4396,205.3934
1989-10-21,269.069,260.2779
1989-11-01,247.9914,306.6902
1989-11-11,282.4396,324.5644
1989-11-21,170.1293,337.5647
1989-12-01,205.3103,341.21
1989-12-11,124.8104,356.7336
1989-12-21,136.3534,339.5899
1990-01-01,246.112,301.2839
1990-01-11,201.8966,237.2716
1990-01-21,192.2845,180.1767
1990-02-01,40.6034,143.8716
1990-02-11,15.9914,107.4868
1990-02-21,37.6552,77.2302
1990-03-01,40.5086,64.8802
1990-03-11,72.2931,65.8649
1990-03-21,83.6552,71.8262
1990-04-01,93.931,78.3716
1990-04-11,90.5345,91.55
1990-04-21,54.3103,104.1287
1990-05-01,162.3793,133.4764
1990-05-11,179.4483,159.3523
1990-05-21,184.1034,161.1474
1990-06-01,72.7328,108.7931
1990-06-11,26.2672,49.7503
1990-06-21,14.0776,14.0302
1990-07-01,9.6983,21.0032
1990-07-11,14.8017,36.7463
1990-07-21,30.0603,52.298
1990-08-01,68.6724,53.6175
1990-08-11,70.5,60.8282
1990-08-21,72.25,70.2537
1990-09-01,51.0345,93.3828
1990-09-11,90.6379,99.7816
1990-09-21,118.2155,127.15
1990-10-01,98.9655,147.3385
1990-10-11,89.3793,205.3934
1990-10-21,203.6897,260.2779
1990-11-01,237.3448,306.6902
1990-11-11,205.1724,324.5644
1990-11-21,250.7845,337.5647
1990-12-01,367.7414,341.21
1990-12-11,462.9138,356.7336
1990-12-21,509.6466,339.5899
1991-01-01,366.0431,301.2839
1991-01-11,408.9396,237.2716
1991-01-21,168.8104,180.1767
1991-02-01,160.8017,143.8716
1991-02-11,20.4741,107.4868
1991-02-21,11.6034,77.2302
1991-03-01,53.7672,64.8802
1991-03-11,52.25,65.8649
1991-03-21,90.6293,71.8262
1991-04-01,68.2672,78.3716
1991-04-11,71.2586,91.55
1991-04-21,45.1724,104.1287
1991-05-01,26.5603,133.4764
1991-05-11,50.0259,159.3523
1991-05-21,80.8362,161.1474
1991-06-01,100.5776,108.7931
1991-06-11,73.2845,49.7503
1991-06-21,29.1207,14.0302
1991-07-01,13.3017,21.0032
1991-07-11,34.069,36.7463
1991-07-21,34.6638,52.298
1991-08-01,60.6724,53.6175
1991-08-11,50.5172,60.8282
1991-08-21,80.4052,70.2537
1991-09-01,58.5431,93.3828
1991-09-11,60.0259,99.7816
1991-09-21,50.6983,127.15
1991-10-01,103.569,147.3385
1991-10-11,142.0172,205.3934
1991-10-21,240.138,260.2779
1991-11-01,222.5086,306.6902
1991-11-11,293.0086,324.5644
1991-11-21,176.6638,337.5647
1991-12-01,141.9828,341.21
1991-12-11,186.1896,356.7336
1991-12-21,211.7069,339.5899
1992-01-01,204.2931,301.2839
1992-01-11,44.8879,237.2716
1992-01-21,19.2586,180.1767
1992-02-01,14.6379,143.8716
1992-02-11,9.6207,107.4868
1992-02-21,6.0086,77.2302
1992-03-01,6.1293,64.8802
1992-03-11,5.7672,65.8649
1992-03-21,8.5,71.8262
1992-04-01,8.5345,78.3716
1992-04-11,28.1983,91.55
1992-04-21,47.0862,104.1287
1992-05-01,81.1638,133.4764
1992-05-11,132.8017,159.3523
1992-05-21,132.1121,161.1474
1992-06-01,116.6207,108.7931
1992-06-11,44.4224,49.7503
1992-06-21,25.2414,14.0302
1992-07-01,35.5517,21.0032
1992-07-11,66.3104,36.7463
1992-07-21,79.0431,52.298
1992-08-01,83.819,53.6175
1992-08-11,63.7241,60.8282
1992-08-21,75.8879,70.2537
1992-09-01,89.569,93.3828
1992-09-11,115.069,99.7816
1992-09-21,169.3966,127.15
1992-10-01,216.3104,147.3385
1992-10-11,267.9655,205.3934
1992-10-21,194.2586,260.2779
1992-11-01,231.4224,306.6902
1992-11-11,389.9655,324.5644
1992-11-21,496.4655,337.5647
1992-12-01,499.2069,341.21
1992-12-11,335.5862,356.7336
1992-12-21,231.6207,339.5899
1993-01-01,105.3104,301.2839
1993-01-11,128.8017,237.2716
1993-01-21,180.5086,180.1767
1993-02-01,172.6983,143.8716
1993-02-11,67.8448,107.4868
1993-02-21,9.4655,77.2302
1993-03-01,11.8017,64.8802
1993-03-11,14.0517,65.8649
1993-03-21,20.6983,71.8262
1993-04-01,21.1983,78.3716
1993-04-11,28.1034,91.55
1993-04-21,63.3276,104.1287
1993-05-01,82.2672,133.4764
1993-05-11,127.1121,159.3523
1993-05-21,166.3448,161.1474
1993-06-01,157.0345,108.7931
1993-06-11,101.6466,49.7503
1993-06-21,17.3362,14.0302
1993-07-01,16.8448,21.0032
1993-07-11,46.4397,36.7463
1993-07-21,61.9224,52.298
1993-08-01,54.3621,53.6175
1993-08-11,28.3448,60.8282
1993-08-21,43.931,70.2537
1993-09-01,64.8104,93.3828
1993-09-11,76.6121,99.7816
1993-09-21,60.8879,127.15
1993-10-01,68.9138,147.3385
1993-10-11,105.8362,205.3934
1993-10-21,223.7586,260.2779
1993-11-01,364.8707,306.6902
1993-11-11,359.2328,324.5644
1993-11-21,451.3966,337.5647
1993-12-01,665.1552,341.21
1993-12-11,725.2672,356.7336
1993-12-21,540.0518,339.5899
1994-01-01,174.1638,301.2839
1994-01-11,82.6207,237.2716
1994-01-21,128.2414,180.1767
1994-02-01,187.9224,143.8716
1994-02-11,226.4741,107.4868
1994-02-21,153.4828,77.2302
1994-03-01,71.681,64.8802
1994-03-11,49.7069,65.8649
1994-03-21,49.3707,71.8262
1994-04-01,71.5862,78.3716
1994-04-11,44.9828,91.55
1994-04-21,45.1724,104.1287
1994-05-01,29.1983,133.4764
1994-05-11,34.4914,159.3523
1994-05-21,47.8879,161.1474
1994-06-01,42.7241,108.7931
1994-06-11,31.9914,49.7503
1994-06-21,4.9741,14.0302
1994-07-01,19.9052,21.0032
1994-07-11,44.4052,36.7463
1994-07-21,48.5431,52.298
1994-08-01,39.1121,53.6175
1994-08-11,24.1638,60.8282
1994-08-21,32.1466,70.2537
1994-09-01,49.4483,93.3828
1994-09-11,78.2845,99.7816
1994-09-21,107.4741,127.15
1994-10-01,133.9655,147.3385
1994-10-11,247.6983,205.3934
1994-10-21,274.8793,260.2779
1994-11-01,460.75,306.6902
1994-11-11,427.7586,324.5644
1994-11-21,757.181,337.5647
1994-12-01,551.888,341.21
1994-12-11,462.5604,356.7336
1994-12-21,90.5172,339.5899
1995-01-01,117.4569,301.2839
1995-01-11,210.1552,237.2716
1995-01-21,202.7586,180.1767
1995-02-01,148.5172,143.8716
1995-02-11,83.6035,107.4868
1995-02-21,67.0517,77.2302
1995-03-01,67.3621,64.8802
1995-03-11,10.9828,65.8649
1995-03-21,17.5517,71.8262
1995-04-01,42.5603,78.3716
1995-04-11,105.0862,91.55
1995-04-21,145.319,104.1287
1995-05-01,229.7155,133.4764
1995-05-11,177.2845,159.3523
1995-05-21,153.1552,161.1474
1995-06-01,42.0603,108.7931
1995-06-11,31.0603,49.7503
1995-06-21,14.7414,14.0302
1995-07-01,42.2672,21.0032
1995-07-11,44.8534,36.7463
1995-07-21,77.5345,52.298
1995-08-01,57.3534,53.6175
1995-08-11,83.5948,60.8282
1995-08-21,95.7759,70.2537
1995-09-01,156.3276,93.3828
1995-09-11,139.0345,99.7816
1995-09-21,132.5776,127.15
1995-10-01,150.6293,147.3385
1995-10-11,168.4914,205.3934
1995-10-21,215.1552,260.2779
1995-11-01,254.7931,306.6902
1995-11-11,315.1897,324.5644
1995-11-21,236.5431,337.5647
1995-12-01,126,341.21
1995-12-11,52.9828,356.7336
1995-12-21,66.3103,339.5899
1996-01-01,53.3966,301.2839
1996-01-11,79.1724,237.2716
1996-01-21,168.0172,180.1767
1996-02-01,194.1207,143.8716
1996-02-11,153.7931,107.4868
1996-02-21,77.5776,77.2302
1996-03-01,47.9914,64.8802
1996-03-11,48.0948,65.8649
1996-03-21,26.7328,71.8262
1996-04-01,66.2586,78.3716
1996-04-11,119.2672,91.55
1996-04-21,107.6034,104.1287
1996-05-01,110.5604,133.4764
1996-05-11,66.6293,159.3523
1996-05-21,97.2241,161.1474
1996-06-01,61.2586,108.7931
1996-06-11,52.8017,49.7503
1996-06-21,15.3103,14.0302
1996-07-01,24.3707,21.0032
1996-07-11,48.2931,36.7463
1996-07-21,52.7931,52.298
1996-08-01,38.5345,53.6175
1996-08-11,55.569,60.8282
1996-08-21,134.6638,70.2537
1996-09-01,197.0862,93.3828
1996-09-11,186.069,99.7816
1996-09-21,213.7586,127.15
1996-10-01,188.3621,147.3385
1996-10-11,309.7069,205.3934
1996-10-21,233.5086,260.2779
1996-11-01,203.8534,306.6902
1996-11-11,88.5259,324.5644
1996-11-21,363.8103,337.5647
1996-12-01,414.2758,341.21
1996-12-11,494.9396,356.7336
1996-12-21,196.319,339.5899
1997-01-01,138.4138,301.2839
1997-01-11,23.6034,237.2716
1997-01-21,14.5431,180.1767
1997-02-01,14.0517,143.8716
1997-02-11,46.8793,107.4868
1997-02-21,47.1121,77.2302
1997-03-01,45.9397,64.8802
1997-03-11,9.6724,65.8649
1997-03-21,26.1466,71.8262
1997-04-01,62.9224,78.3716
1997-04-11,77.1638,91.55
1997-04-21,117.7845,104.1287
1997-05-01,164.1638,133.4764
1997-05-11,229.4741,159.3523
1997-05-21,186.5603,161.1474
1997-06-01,102.931,108.7931
1997-06-11,26.6293,49.7503
1997-06-21,8.819,14.0302
1997-07-01,36.6983,21.0032
1997-07-11,56.8793,36.7463
1997-07-21,80.5345,52.298
1997-08-01,64.2672,53.6175
1997-08-11,41.9138,60.8282
1997-08-21,21.9741,70.2537
1997-09-01,24.6466,93.3828
1997-09-11,53.3879,99.7816
1997-09-21,78.4569,127.15
1997-10-01,94.3017,147.3385
1997-10-11,179.6293,205.3934
1997-10-21,233.7414,260.2779
1997-11-01,334.0345,306.6902
1997-11-11,349.7586,324.5644
1997-11-21,473.2069,337.5647
1997-12-01,513.0948,341.21
1997-12-11,474.2069,356.7336
1997-12-21,287.2845,339.5899
1998-01-01,203.4483,301.2839
1998-01-11,127.1293,237.2716
1998-01-21,114.6896,180.1767
1998-02-01,27.9483,143.8716
1998-02-11,12.7586,107.4868
1998-02-21,6.75,77.2302
1998-03-01,7.0259,64.8802
1998-03-11,7.0862,65.8649
1998-03-21,16.5603,71.8262
1998-04-01,17.9655,78.3716
1998-04-11,17.3534,91.55
1998-04-21,22.4224,104.1287
1998-05-01,79.4138,133.4764
1998-05-11,207.7586,159.3523
1998-05-21,201.3448,161.1474
1998-06-01,144.2931,108.7931
1998-06-11,17.9655,49.7503
1998-06-21,12.75,14.0302
1998-07-01,28.2845,21.0032
1998-07-11,86.0948,36.7463
1998-07-21,116.8621,52.298
1998-08-01,118.2758,53.6175
1998-08-11,84.6379,60.8282
1998-08-21,71.181,70.2537
1998-09-01,124.1034,93.3828
1998-09-11,106.7931,99.7816
1998-09-21,158.8793,127.15
1998-10-01,160.6724,147.3385
1998-10-11,176.2328,205.3934
1998-10-21,150.7414,260.2779
1998-11-01,254.4483,306.6902
1998-11-11,254.1552,324.5644
1998-11-21,212.3621,337.5647
1998-12-01,267.9224,341.21
1998-12-11,335.3104,356.7336
1998-12-21,465.3018,339.5899
1999-01-01,372.7586,301.2839
1999-01-11,394.6897,237.2716
1999-01-21,357.1638,180.1767
1999-02-01,252.388,143.8716
1999-02-11,207.7586,107.4868
1999-02-21,130.3534,77.2302
1999-03-01,95.3362,64.8802
1999-03-11,28.2414,65.8649
1999-03-21,8.5259,71.8262
1999-04-01,71.3448,78.3716
1999-04-11,123.6638,91.55
1999-04-21,133.9741,104.1287
1999-05-01,101.4655,133.4764
1999-05-11,85.9396,159.3523
1999-05-21,104.5431,161.1474
1999-06-01,77.181,108.7931
1999-06-11,38.2328,49.7503
1999-06-21,9.4828,14.0302
1999-07-01,7.3017,21.0032
1999-07-11,16.5948,36.7463
1999-07-21,22.5172,52.298
1999-08-01,23.431,53.6175
1999-08-11,27.3707,60.8282
1999-08-21,32.8448,70.2537
1999-09-01,34.4052,93.3828
1999-09-11,26.0431,99.7816
1999-09-21,74.4138,127.15
1999-10-01,221.9052,147.3385
1999-10-11,337.7069,205.3934
1999-10-21,359.4569,260.2779
1999-11-01,323.319,306.6902
1999-11-11,335.112,324.5644
1999-11-21,383.3448,337.5647
1999-12-01,303.5345,341.21
1999-12-11,314.931,356.7336
1999-12-21,255.8966,339.5899
2000-01-01,336.7759,301.2839
2000-01-11,340.4483,237.2716
2000-01-21,282.7672,180.1767
2000-02-01,247.5259,143.8716
2000-02-11,120.181,107.4868
2000-02-21,159.6379,77.2302
2000-03-01,111.9655,64.8802
2000-03-11,96.8104,65.8649
2000-03-21,63.5776,71.8262
2000-04-01,49.2155,78.3716
2000-04-11,61.4828,91.55
2000-04-21,61.0172,104.1287
2000-05-01,77.3276,133.4764
2000-05-11,64.681,159.3523
2000-05-21,96.6552,161.1474
2000-06-01,72.7931,108.7931
2000-06-11,67.0776,49.7503
2000-06-21,19.7845,14.0302
2000-07-01,12.4397,21.0032
2000-07-11,14.0517,36.7463
2000-07-21,24.6724,52.298
2000-08-01,52.7586,53.6175
2000-08-11,78.9914,60.8282
2000-08-21,94.8879,70.2537
2000-09-01,79.7845,93.3828
2000-09-11,132.6293,99.7816
2000-09-21,231.9396,127.15
2000-10-01,309.2155,147.3385
2000-10-11,238.1724,205.3934
2000-10-21,137.0345,260.2779
2000-11-01,108.4914,306.6902
2000-11-11,237.4914,324.5644
2000-11-21,274.4741,337.5647
2000-12-01,227.8448,341.21
2000-12-11,151.6552,356.7336
2000-12-21,391.7414,339.5899
2001-01-01,382.862,301.2839
2001-01-11,410.9914,237.2716
2001-01-21,289.6724,180.1767
2001-02-01,329.9827,143.8716
2001-02-11,249.9569,107.4868
2001-02-21,66.5086,77.2302
2001-03-01,16.1121,64.8802
2001-03-11,6.3966,65.8649
2001-03-21,21.7845,71.8262
2001-04-01,45.0604,78.3716
2001-04-11,130.8966,91.55
2001-04-21,150.3793,104.1287
2001-05-01,144.2586,133.4764
2001-05-11,62.0431,159.3523
2001-05-21,50.1638,161.1474
2001-06-01,48,108.7931
2001-06-11,44.7672,49.7503
2001-06-21,19.3793,14.0302
2001-07-01,9.181,21.0032
2001-07-11,22.181,36.7463
2001-07-21,87.3017,52.298
2001-08-01,84.0604,53.6175
2001-08-11,71.5345,60.8282
2001-08-21,14.7155,70.2537
2001-09-01,20.1724,93.3828
2001-09-11,66.8621,99.7816
2001-09-21,107.1379,127.15
2001-10-01,179.5862,147.3385
2001-10-11,173.7758,205.3934
2001-10-21,204.8534,260.2779
2001-11-01,206.6897,306.6902
2001-11-11,266.112,324.5644
2001-11-21,253.112,337.5647
2001-12-01,309.0948,341.21
2001-12-11,299.5862,356.7336
2001-12-21,300.5,339.5899
2002-01-01,180.8276,301.2839
2002-01-11,97.6034,237.2716
2002-01-21,107.8017,180.1767
2002-02-01,142.5259,143.8716
2002-02-11,136.8707,107.4868
2002-02-21,60.7241,77.2302
2002-03-01,25.7672,64.8802
2002-03-11,35.7672,65.8649
2002-03-21,46.4483,71.8262
2002-04-01,61.2155,78.3716
2002-04-11,108.7328,91.55
2002-04-21,154.5172,104.1287
2002-05-01,188.5172,133.4764
2002-05-11,133.8707,159.3523
2002-05-21,93.2328,161.1474
2002-06-01,30.4052,108.7931
2002-06-11,25.4569,49.7503
2002-06-21,8.9914,14.0302
2002-07-01,7.8362,21.0032
2002-07-11,11.3793,36.7463
2002-07-21,29.9052,52.298
2002-08-01,40.3621,53.6175
2002-08-11,45.4052,60.8282
2002-08-21,41.2759,70.2537
2002-09-01,32.0431,93.3828
2002-09-11,36.2155,99.7816
2002-09-21,47.4396,127.15
2002-10-01,112.4914,147.3385
2002-10-11,186.8276,205.3934
2002-10-21,262.3707,260.2779
2002-11-01,322.6724,306.6902
2002-11-11,352.1897,324.5644
2002-11-21,281.2414,337.5647
2002-12-01,342.112,341.21
2002-12-11,535.7845,356.7336
2002-12-21,590.569,339.5899
2003-01-01,711.4741,301.2839
2003-01-11,443.0172,237.2716
2003-01-21,370.3707,180.1767
2003-02-01,97.7931,143.8716
2003-02-11,126.3621,107.4868
2003-02-21,115.4224,77.2302
2003-03-01,84.4741,64.8802
2003-03-11,96.319,65.8649
2003-03-21,110.3621,71.8262
2003-04-01,113.2586,78.3716
2003-04-11,55.431,91.55
2003-04-21,112.5948,104.1287
2003-05-01,196.7931,133.4764
2003-05-11,214.2845,159.3523
2003-05-21,145.8966,161.1474
2003-06-01,52.181,108.7931
2003-06-11,9.8534,49.7503
2003-06-21,15.681,14.0302
2003-07-01,55.2931,21.0032
2003-07-11,58.181,36.7463
2003-07-21,68.4224,52.298
2003-08-01,38.25,53.6175
2003-08-11,59.4569,60.8282
2003-08-21,60.5259,70.2537
2003-09-01,78.5776,93.3828
2003-09-11,120.3362,99.7816
2003-09-21,130.1293,127.15
2003-10-01,141.1638,147.3385
2003-10-11,140.3879,205.3934
2003-10-21,142.3017,260.2779
2003-11-01,191.9828,306.6902
2003-11-11,259.2328,324.5644
2003-11-21,400.0948,337.5647
2003-12-01,337.319,341.21
2003-12-11,227.3966,356.7336
2003-12-21,84.0345,339.5899
2004-01-01,63.1983,301.2839
2004-01-11,44.1207,237.2716
2004-01-21,21.319,180.1767
2004-02-01,31.9828,143.8716
2004-02-11,32.3793,107.4868
2004-02-21,46.3362,77.2302
2004-03-01,33.1724,64.8802
2004-03-11,36.9828,65.8649
2004-03-21,41.3793,71.8262
2004-04-01,59.8103,78.3716
2004-04-11,67.3362,91.55
2004-04-21,91.7155,104.1287
2004-05-01,179.6121,133.4764
2004-05-11,177.6983,159.3523
2004-05-21,233.0604,161.1474
2004-06-01,128.1983,108.7931
2004-06-11,114.6293,49.7503
2004-06-21,7.8534,14.0302
2004-07-01,34.2155,21.0032
2004-07-11,47.2931,36.7463
2004-07-21,50.8707,52.298
2004-08-01,38.6552,53.6175
2004-08-11,36.5259,60.8282
2004-08-21,63.181,70.2537
2004-09-01,104.569,93.3828
2004-09-11,139.75,99.7816
2004-09-21,312.4741,127.15
2004-10-01,337.7069,147.3385
2004-10-11,454.2759,205.3934
2004-10-21,473.3794,260.2779
2004-11-01,481.5,306.6902
2004-11-11,421.0948,324.5644
2004-11-21,308.819,337.5647
2004-12-01,292.2586,341.21
2004-12-11,454.9914,356.7336
2004-12-21,463.3018,339.5899
2005-01-01,437.0086,301.2839
2005-01-11,291.25,237.2716
2005-01-21,250.6207,180.1767
2005-02-01,209.4828,143.8716
2005-02-11,92.0259,107.4868
2005-02-21,16.9741,77.2302
2005-03-01,41.5776,64.8802
2005-03-11,52.1896,65.8649
2005-03-21,67.1896,71.8262
2005-04-01,117.431,78.3716
2005-04-11,130.8448,91.55
2005-04-21,193.7328,104.1287
2005-05-01,178.8362,133.4764
2005-05-11,167.2242,159.3523
2005-05-21,148.0604,161.1474
2005-06-01,81.181,108.7931
2005-06-11,67.2586,49.7503
2005-06-21,6.069,14.0302
2005-07-01,11.7845,21.0032
2005-07-11,37.1034,36.7463
2005-07-21,44.6552,52.298
2005-08-01,50.1552,53.6175
2005-08-11,35.4483,60.8282
2005-08-21,50.7155,70.2537
2005-09-01,106.6293,93.3828
2005-09-11,111.3966,99.7816
2005-09-21,96.3879,127.15
2005-10-01,112.8276,147.3385
2005-10-11,199.2414,205.3934
2005-10-21,328.9655,260.2779
2005-11-01,482.6896,306.6902
2005-11-11,577.362,324.5644
2005-11-21,533.7155,337.5647
2005-12-01,317.8362,341.21
2005-12-11,188.7931,356.7336
2005-12-21,114.431,339.5899
2006-01-01,201.5345,301.2839
2006-01-11,275.5517,237.2716
2006-01-21,258.4397,180.1767
2006-02-01,173.0345,143.8716
2006-02-11,31.8103,107.4868
2006-02-21,69.9828,77.2302
2006-03-01,113.5172,64.8802
2006-03-11,123.1121,65.8649
2006-03-21,112.6466,71.8262
2006-04-01,51.1466,78.3716
2006-04-11,111.2069,91.55
2006-04-21,94.3879,104.1287
2006-05-01,123.8966,133.4764
2006-05-11,71.2672,159.3523
2006-05-21,69.319,161.1474
2006-06-01,34.0948,108.7931
2006-06-11,19.319,49.7503
2006-06-21,9.8362,14.0302
2006-07-01,14.5603,21.0032
2006-07-11,13.8534,36.7463
2006-07-21,33.0862,52.298
2006-08-01,31.5172,53.6175
2006-08-11,32.9655,60.8282
2006-08-21,28.0776,70.2537
2006-09-01,134.1293,93.3828
2006-09-11,137.9828,99.7816
2006-09-21,148.2414,127.15
2006-10-01,47.1724,147.3385
2006-10-11,202.9741,205.3934
2006-10-21,423.3362,260.2779
2006-11-01,545.7845,306.6902
2006-11-11,552.388,324.5644
2006-11-21,342.5431,337.5647
2006-12-01,279.1293,341.21
2006-12-11,225.7931,356.7336
2006-12-21,222.5345,339.5899
2007-01-01,191.8621,301.2839
2007-01-11,122.5086,237.2716
2007-01-21,185.1034,180.1767
2007-02-01,146.6034,143.8716
2007-02-11,102.3535,107.4868
2007-02-21,39.9397,77.2302
2007-03-01,40.8879,64.8802
2007-03-11,46.3707,65.8649
2007-03-21,24.1983,71.8262
2007-04-01,139.5776,78.3716
2007-04-11,162.6638,91.55
2007-04-21,174.3362,104.1287
2007-05-01,67.931,133.4764
2007-05-11,42.9828,159.3523
2007-05-21,92.0862,161.1474
2007-06-01,86.931,108.7931
2007-06-11,90.3017,49.7503
2007-06-21,26.431,14.0302
2007-07-01,23.8362,21.0032
2007-07-11,28.5948,36.7463
2007-07-21,81.6724,52.298
2007-08-01,90.5086,53.6175
2007-08-11,87.5259,60.8282
2007-08-21,63.6293,70.2537
2007-09-01,81.3362,93.3828
2007-09-11,93.569,99.7816
2007-09-21,65.0776,127.15
2007-10-01,57.3879,147.3385
2007-10-11,198.3793,205.3934
2007-10-21,298.9483,260.2779
2007-11-01,333.3793,306.6902
2007-11-11,197.6896,324.5644
2007-11-21,125.1293,337.5647
2007-12-01,108.7155,341.21
2007-12-11,397.9224,356.7336
2007-12-21,573.3362,339.5899
2008-01-01,571.888,301.2839
2008-01-11,284.8103,237.2716
2008-01-21,90.9138,180.1767
2008-02-01,124.3017,143.8716
2008-02-11,96.7586,107.4868
2008-02-21,111.4483,77.2302
2008-03-01,137.7672,64.8802
2008-03-11,275.5345,65.8649
2008-03-21,299.6897,71.8262
2008-04-01,268.7155,78.3716
2008-04-11,143.2672,91.55
2008-04-21,126.6466,104.1287
2008-05-01,64,133.4764
2008-05-11,54.3276,159.3523
2008-05-21,37.7586,161.1474
2008-06-01,45.3276,108.7931
2008-06-11,39.319,49.7503
2008-06-21,15.8103,14.0302
2008-07-01,7.5603,21.0032
2008-07-11,27.681,36.7463
2008-07-21,53.1638,52.298
2008-08-01,60.7155,53.6175
2008-08-11,51.3879,60.8282
2008-08-21,86.569,70.2537
2008-09-01,102.3793,93.3828
2008-09-11,94.1034,99.7816
2008-09-21,41.1207,127.15
2008-10-01,37.1034,147.3385
2008-10-11,133.1207,205.3934
2008-10-21,152.5776,260.2779
2008-11-01,159.6638,306.6902
2008-11-11,127.2672,324.5644
2008-11-21,268.6034,337.5647
2008-12-01,415.0776,341.21
2008-12-11,439.7672,356.7336
2008-12-21,281.6207,339.5899
2009-01-01,196.9052,301.2839
2009-01-11,108.2155,237.2716
2009-01-21,112.6293,180.1767
2009-02-01,22.3017,143.8716
2009-02-11,20.5517,107.4868
2009-02-21,6.3707,77.2302
2009-03-01,112.7241,64.8802
2009-03-11,172.1207,65.8649
2009-03-21,229.4914,71.8262
2009-04-01,185.9655,78.3716
2009-04-11,174.9569,91.55
2009-04-21,131.9741,104.1287
2009-05-01,82.2069,133.4764
2009-05-11,82.4828,159.3523
2009-05-21,89.7414,161.1474
2009-06-01,76.6466,108.7931
2009-06-11,26.9655,49.7503
2009-06-21,5.9483,14.0302
2009-07-01,14.2241,21.0032
2009-07-11,22.9052,36.7463
2009-07-21,23.6897,52.298
2009-08-01,16.8534,53.6175
2009-08-11,120.3448,60.8282
2009-08-21,134.8879,70.2537
2009-09-01,138.2586,93.3828
2009-09-11,47.7069,99.7816
2009-09-21,39.8707,127.15
2009-10-01,43.6552,147.3385
2009-10-11,49.7931,205.3934
2009-10-21,132.8362,260.2779
2009-11-01,311.5517,306.6902
2009-11-11,459.5086,324.5644
2009-11-21,405.4569,337.5647
2009-12-01,363.638,341.21
2009-12-11,426.3104,356.7336
2009-12-21,540.138,339.5899
2010-01-01,426.7242,301.2839
2010-01-11,215.1638,237.2716
2010-01-21,71.2759,180.1767
2010-02-01,46.6293,143.8716
2010-02-11,58.1897,107.4868
2010-02-21,53.6379,77.2302
2010-03-01,47.1552,64.8802
2010-03-11,9.931,65.8649
2010-03-21,41.3966,71.8262
2010-04-01,50.9828,78.3716
2010-04-11,78.7069,91.55
2010-04-21,109.2845,104.1287
2010-05-01,157.8621,133.4764
2010-05-11,165.4052,159.3523
2010-05-21,112.2241,161.1474
2010-06-01,61.931,108.7931
2010-06-11,30.8621,49.7503
2010-06-21,19.9483,14.0302
2010-07-01,33.6293,21.0032
2010-07-11,58.4138,36.7463
2010-07-21,75.4483,52.298
2010-08-01,62.1207,53.6175
2010-08-11,108.7241,60.8282
2010-08-21,148.3707,70.2537
2010-09-01,175.2328,93.3828
2010-09-11,162.1121,99.7816
2010-09-21,277.0086,127.15
2010-10-01,335.7241,147.3385
2010-10-11,289.819,205.3934
2010-10-21,190.5431,260.2779
2010-11-01,197.0776,306.6902
2010-11-11,268.5517,324.5644
2010-11-21,404.7931,337.5647
2010-12-01,547.5172,341.21
2010-12-11,501.7242,356.7336
2010-12-21,628.3448,339.5899
2011-01-01,727.4656,301.2839
2011-01-11,828.7414,237.2716
2011-01-21,630.612,180.1767
2011-02-01,590.8706,143.8716
2011-02-11,451.0345,107.4868
2011-02-21,350.8103,77.2302
2011-03-01,63.431,64.8802
2011-03-11,66.7414,65.8649
2011-03-21,47.9396,71.8262
2011-04-01,47.9828,78.3716
2011-04-11,147.6293,91.55
2011-04-21,272.6293,104.1287
2011-05-01,279.3276,133.4764
2011-05-11,183.3276,159.3523
2011-05-21,69.1034,161.1474
2011-06-01,48.6034,108.7931
2011-06-11,36.1293,49.7503
2011-06-21,5.2672,14.0302
2011-07-01,16.1034,21.0032
2011-07-11,21.8966,36.7463
2011-07-21,38.681,52.298
2011-08-01,27.931,53.6175
2011-08-11,77.4828,60.8282
2011-08-21,81.6207,70.2537
2011-09-01,97,93.3828
2011-09-11,86.9138,99.7816
2011-09-21,74.6552,127.15
2011-10-01,136.8879,147.3385
2011-10-11,233.4138,205.3934
2011-10-21,455.8966,260.2779
2011-11-01,410.5,306.6902
2011-11-11,355.1897,324.5644
2011-11-21,352.5259,337.5647
2011-12-01,342.862,341.21
2011-12-11,425.7069,356.7336
2011-12-21,303.9052,339.5899
2012-01-01,300.4483,301.2839
2012-01-11,134.6121,237.2716
2012-01-21,37.4052,180.1767
2012-02-01,113.8017,143.8716
2012-02-11,151.8017,107.4868
2012-02-21,152.1466,77.2302
2012-03-01,55.3017,64.8802
2012-03-11,20.5603,65.8649
2012-03-21,55.7759,71.8262
2012-04-01,119.0862,78.3716
2012-04-11,169.9914,91.55
2012-04-21,161.5431,104.1287
2012-05-01,105.3534,133.4764
2012-05-11,50.9914,159.3523
2012-05-21,22,161.1474
2012-06-01,14.75,108.7931
2012-06-11,13.1638,49.7503
2012-06-21,7.2931,14.0302
2012-07-01,9.9828,21.0032
2012-07-11,48.0172,36.7463
2012-07-21,48.2672,52.298
2012-08-01,49.4138,53.6175
2012-08-11,15.819,60.8282
2012-08-21,20.9052,70.2537
2012-09-01,57.1207,93.3828
2012-09-11,71.0517,99.7816
2012-09-21,128.1638,127.15
2012-10-01,148.5086,147.3385
2012-10-11,360.2414,205.3934
2012-10-21,555.0259,260.2779
2012-11-01,550.3448,306.6902
2012-11-11,394.8362,324.5644
2012-11-21,249.5259,337.5647
2012-12-01,240.5,341.21
2012-12-11,511.1294,356.7336
2012-12-21,719.069,339.5899
2013-01-01,1004.4913,301.2839
2013-01-11,669.9742,237.2716
2013-01-21,451.2845,180.1767
2013-02-01,177.4483,143.8716
2013-02-11,294.6724,107.4868
2013-02-21,193.2155,77.2302
2013-03-01,227.8276,64.8802
2013-03-11,137.5517,65.8649
2013-03-21,221.7241,71.8262
2013-04-01,130.8534,78.3716
2013-04-11,110.5259,91.55
2013-04-21,45.9052,104.1287
2013-05-01,96.4741,133.4764
2013-05-11,161.4828,159.3523
2013-05-21,159.4655,161.1474
2013-06-01,110.6466,108.7931
2013-06-11,28.6724,49.7503
2013-06-21,16.0603,14.0302
2013-07-01,31.5431,21.0032
2013-07-11,41.8621,36.7463
2013-07-21,46.319,52.298
2013-08-01,80.8793,53.6175
2013-08-11,95.2845,60.8282
2013-08-21,111.4483,70.2537
2013-09-01,158.4741,93.3828
2013-09-11,170.0172,99.7816
2013-09-21,146.6034,127.15
2013-10-01,57.2414,147.3385
2013-10-11,101.6379,205.3934
2013-10-21,113.0172,260.2779
2013-11-01,131.4396,306.6902
2013-11-11,124.5172,324.5644
2013-11-21,173.5776,337.5647
2013-12-01,278.7069,341.21
2013-12-11,223.3879,356.7336
2013-12-21,177.7241,339.5899
2014-01-01,118.6552,301.2839
2014-01-11,244.5086,237.2716
2014-01-21,228.6466,180.1767
2014-02-01,152.6983,143.8716
2014-02-11,12.1121,107.4868
2014-02-21,48.3707,77.2302
2014-03-01,59.2241,64.8802
2014-03-11,61.7931,65.8649
2014-03-21,23.6897,71.8262
2014-04-01,23.8621,78.3716
2014-04-11,38.1379,91.55
2014-04-21,107.6724,104.1287
2014-05-01,249.4483,133.4764
2014-05-11,235.4655,159.3523
2014-05-21,193.9224,161.1474
2014-06-01,46.2328,108.7931
2014-06-11,38.2586,49.7503
2014-06-21,10.2155,14.0302
2014-07-01,11.75,21.0032
2014-07-11,16.0431,36.7463
2014-07-21,17.5862,52.298
2014-08-01,35.6724,53.6175
2014-08-11,81.7586,60.8282
2014-08-21,103.7586,70.2537
2014-09-01,89.4569,93.3828
2014-09-11,60.3103,99.7816
2014-09-21,144.6724,127.15
2014-10-01,243.9224,147.3385
2014-10-11,315.9828,205.3934
2014-10-21,293.612,260.2779
2014-11-01,233.1466,306.6902
2014-11-11,286.2414,324.5644
2014-11-21,419.0345,337.5647
2014-12-01,606.862,341.21
2014-12-11,700.3794,356.7336
2014-12-21,988.6724,339.5899
2015-01-01,752.9569,301.2839
2015-01-11,514.4483,237.2716
2015-01-21,10.5517,180.1767
2015-02-01,66.681,143.8716
2015-02-11,74.9397,107.4868
2015-02-21,95.9828,77.2302
2015-03-01,43.5948,64.8802
2015-03-11,59.181,65.8649
2015-03-21,57.4397,71.8262
2015-04-01,90.6983,78.3716
2015-04-11,107.1896,91.55
2015-04-21,106.3707,104.1287
2015-05-01,155.8793,133.4764
2015-05-11,266.1034,159.3523
2015-05-21,253.2845,161.1474
2015-06-01,174.3362,108.7931
2015-06-11,24.1724,49.7503
2015-06-21,16.3362,14.0302
2015-07-01,7.1379,21.0032
2015-07-11,9.8103,36.7463
2015-07-21,17.7241,52.298
2015-08-01,23.6552,53.6175
2015-08-11,49.7586,60.8282
2015-08-21,47.0431,70.2537
2015-09-01,120.7328,93.3828
2015-09-11,108.9483,99.7816
2015-09-21,226.5603,127.15
2015-10-01,171.0431,147.3385
2015-10-11,210.9741,205.3934
2015-10-21,384.638,260.2779
2015-11-01,530.1638,306.6902
2015-11-11,629.3706,324.5644
2015-11-21,457.3276,337.5647
2015-12-01,515.4828,341.21
2015-12-11,441.4482,356.7336
2015-12-21,410.4828,339.5899
2016-01-01,186.0172,301.2839
2016-01-11,109.0948,237.2716
2016-01-21,41.8793,180.1767
2016-02-01,49.75,143.8716
2016-02-11,52.0345,107.4868
2016-02-21,32.7241,77.2302
2016-03-01,27.319,64.8802
2016-03-11,19.0862,65.8649
2016-03-21,50.8362,71.8262
2016-04-01,53.5517,78.3716
2016-04-11,68.6466,91.55
2016-04-21,46.8276,104.1287
2016-05-01,223.5259,133.4764
2016-05-11,792.4655,159.3523
2016-05-21,792.7414,161.1474
2016-06-01,607.0172,108.7931
2016-06-11,22.569,49.7503
2016-06-21,13.6121,14.0302
2016-07-01,21.8276,21.0032
2016-07-11,42.2241,36.7463
2016-07-21,77.2328,52.298
2016-08-01,71.2069,53.6175
2016-08-11,53.2241,60.8282
2016-08-21,31.9138,70.2537
2016-09-01,33.4655,93.3828
2016-09-11,45.0172,99.7816
2016-09-21,23.6638,127.15
2016-10-01,25.5259,147.3385
2016-10-11,55.6379,205.3934
2016-10-21,108.3707,260.2779
2016-11-01,168.4224,306.6902
2016-11-11,274.8966,324.5644
2016-11-21,281.862,337.5647
2016-12-01,234.9483,341.21
2016-12-11,109.6638,356.7336
2016-12-21,94.4138,339.5899
2017-01-01,76.3966,301.2839
2017-01-11,56.3793,237.2716
2017-01-21,198.8103,180.1767
2017-02-01,198.0517,143.8716
2017-02-11,212.9569,107.4868
2017-02-21,59.5603,77.2302
2017-03-01,145.8448,64.8802
2017-03-11,184.2931,65.8649
2017-03-21,151.8621,71.8262
2017-04-01,72.0862,78.3716
2017-04-11,34.1466,91.55
2017-04-21,32.5517,104.1287
2017-05-01,78.6293,133.4764
2017-05-11,105.3707,159.3523
2017-05-21,240.069,161.1474
2017-06-01,194.4914,108.7931
2017-06-11,148.9655,49.7503
2017-06-21,19.1293,14.0302
2017-07-01,31.3966,21.0032
2017-07-11,38.8362,36.7463
2017-07-21,58.5776,52.298
2017-08-01,79.0862,53.6175
2017-08-11,117.7069,60.8282
2017-08-21,130.0345,70.2537
2017-09-01,184.2328,93.3828
2017-09-11,173.5517,99.7816
2017-09-21,151.5517,127.15
2017-10-01,93.4828,147.3385
2017-10-11,129.8362,205.3934
2017-10-21,241.7414,260.2779
2017-11-01,350.6724,306.6902
2017-11-11,295.4397,324.5644
2017-11-21,326.4655,337.5647
2017-12-01,229.4914,341.21
2017-12-11,274.4483,356.7336
2017-12-21,128.3362,339.5899
2018-01-01,81.5776,301.2839
2018-01-11,32.2069,237.2716
2018-01-21,36.7328,180.1767
2018-02-01,42.181,143.8716
2018-02-11,31.6293,107.4868
2018-02-21,72.319,77.2302
2018-03-01,88.5172,64.8802
2018-03-11,136.4914,65.8649
2018-03-21,94.3362,71.8262
2018-04-01,109.1983,78.3716
2018-04-11,86.5862,91.55
2018-04-21,86.431,104.1287
2018-05-01,167.3707,133.4764
2018-05-11,341.6983,159.3523
2018-05-21,469.6207,161.1474
2018-06-01,357.1724,108.7931
2018-06-11,154.5948,49.7503
2018-06-21,14.75,14.0302
2018-07-01,16.6034,21.0032
2018-07-11,34.1897,36.7463
2018-07-21,34.3707,52.298
2018-08-01,30.75,53.6175
2018-08-11,47.3276,60.8282
2018-08-21,86.3362,70.2537
2018-09-01,85.5862,93.3828
2018-09-11,75.3879,99.7816
2018-09-21,98.2328,127.15
2018-10-01,233.2672,147.3385
2018-10-11,261.2069,205.3934
2018-10-21,310.4914,260.2779
2018-11-01,349.1983,306.6902
2018-11-11,357.2328,324.5644
2018-11-21,296.75,337.5647
2018-12-01,190.7931,341.21
2018-12-11,196.4224,356.7336
2018-12-21,183.5345,339.5899
2019-01-01,112.3793,301.2839
2019-01-11,66.25,237.2716
2019-01-21,26.819,180.1767
2019-02-01,130.1121,143.8716
2019-02-11,119.4397,107.4868
2019-02-21,121.7586,77.2302
2019-03-01,18.6552,64.8802
2019-03-11,9.3966,65.8649
2019-03-21,8.069,71.8262
2019-04-01,13.4397,78.3716
2019-04-11,55.9655,91.55
2019-04-21,93.9138,104.1287
2019-05-01,92.4138,133.4764
2019-05-11,72.9741,159.3523
2019-05-21,69.8534,161.1474
2019-06-01,86.9914,108.7931
2019-06-11,64.3707,49.7503
2019-06-21,30.2414,14.0302
2019-07-01,14.4741,21.0032
2019-07-11,32.1207,36.7463
2019-07-21,42.2672,52.298
2019-08-01,71.8621,53.6175
2019-08-11,142.1121,60.8282
2019-08-21,149.0604,70.2537
2019-09-01,128.0259,93.3828
2019-09-11,158.0172,99.7816
2019-09-21,206.5948,127.15
2019-10-01,227.8879,147.3385
2019-10-11,191.7845,205.3934
2019-10-21,310.5776,260.2779
2019-11-01,300.6552,306.6902
2019-11-11,248.75,324.5644
2019-11-21,349.4742,337.5647
2019-12-01,610.0776,341.21
2019-12-11,691.0086,356.7336
2019-12-21,466.8018,339.5899
2020-01-01,182.0776,301.2839
2020-01-11,74.2845,237.2716
2020-01-21,18.0172,180.1767
2020-02-01,19.681,143.8716
2020-02-11,17.319,107.4868
2020-02-21,13.5776,77.2302
2020-03-01,12.2845,64.8802
2020-03-11,18.3534,65.8649
2020-03-21,14.8448,71.8262
2020-04-01,22.1983,78.3716
2020-04-11,35.2414,91.55
2020-04-21,59.3621,104.1287
2020-05-01,178.3276,133.4764
2020-05-11,314.7414,159.3523
2020-05-21,324.431,161.1474
2020-06-01,205,108.7931
2020-06-11,50.8103,49.7503
2020-06-21,36.1034,14.0302
2020-07-01,51.6207,21.0032
2020-07-11,81.3534,36.7463
2020-07-21,127.7328,52.298
2020-08-01,119.6034,53.6175
2020-08-11,93.2672,60.8282
2020-08-21,53.5345,70.2537
2020-09-01,167.1552,93.3828
2020-09-11,215.1896,99.7816
2020-09-21,280.4397,127.15
2020-10-01,160.1034,147.3385
2020-10-11,138.3017,205.3934
2020-10-21,120.6897,260.2779
2020-11-01,252.9914,306.6902
2020-11-11,297.0517,324.5644
2020-11-21,282.0862,337.5647
2020-12-01,305.4828,341.21
2020-12-11,336.9224,356.7336
2020-12-21,479.4224,339.5899
2021-01-01,510.9138,301.2839
2021-01-11,528.1034,237.2716
2021-01-21,380.9828,180.1767
2021-02-01,205.4828,143.8716
2021-02-11,83.7931,107.4868
2021-02-21,32.6724,77.2302
2021-03-01,33.9052,64.8802
2021-03-11,34.25,65.8649
2021-03-21,56.1466,71.8262
2021-04-01,40.8621,78.3716
2021-04-11,104.1552,91.55
2021-04-21,100.4914,104.1287
2021-05-01,164.0862,133.4764
2021-05-11,185.8017,159.3523
2021-05-21,208.8879,161.1474
2021-06-01,160.7069,108.7931
2021-06-11,73.1121,49.7503
2021-06-21,32.0948,14.0302
2021-07-01,46.931,21.0032
2021-07-11,79.6638,36.7463
2021-07-21,78.3448,52.298
2021-08-01,49.7241,53.6175
2021-08-11,53.5345,60.8282
2021-08-21,86.1207,70.2537
2021-09-01,147.2845,93.3828
2021-09-11,149.9655,99.7816
2021-09-21,197.5776,127.15
2021-10-01,239.6896,147.3385
2021-10-11,235.6983,205.3934
2021-10-21,301.112,260.2779
2021-11-01,394.4828,306.6902
2021-11-11,437.2155,324.5644
2021-11-21,466.8362,337.5647
2021-12-01,282.819,341.21
2021-12-11,285.569,356.7336
2021-12-21,116.7155,339.5899